x_rk4,y_rk4,x_euler,y_euler
4252.194697167111,-749.7766523360222,4225.881317870724,-745.1368936124534
2092.830905935351,-1635.09870551632,2112.6440524537984,-1650.5784321070566
2828.3490512381736,4039.301059896749,2756.1137836296552,3936.1384064451554
-399.30725544739227,5710.359794036776,-397.34548474246196,5682.30516591337
3306.3006079800025,-2774.315620717235,3368.6163097058575,-2826.6047030519576
337.485746512269,6439.611659360577,340.400851252317,6495.235171364477
334.19652446316525,-300.9119022169167,331.7563387195369,-298.7147491045156
1201.8327347319125,1484.1398267511815,1183.3769991441914,1461.3488913521433
-3047.677588982514,-647.8038693929069,-3014.3635140237825,-640.7227441644618
-2005.0062158774158,3770.8682533845526,-1995.3381145988828,3752.6851994403687
-390.7566736796685,-537.8304209561501,-394.88654347265464,-543.5146990731146
-1130.4552203069295,-982.6897307079338,-1093.164312315584,-950.2732389499323
-118.657248948199,-2264.115186170359,-118.09446343368498,-2253.3765988420437
875.2801339060419,3266.589930593036,871.0722880482933,3250.886036061504
-1363.5895658935633,2924.2272607933705,-1387.4651665032286,2975.4286515321205
857.5636416574479,-278.6393179477228,847.4138855421409,-275.3414622738995
716.9843861032051,2345.1502566979107,716.3591632144081,2343.105244774959
-3700.7920689165558,2223.660213421486,-3684.2472293607357,2213.719070884268
-1522.8356213902587,1633.04127088991,-1485.985820318025,1593.5246972494099
2475.4764231358495,2390.5397941218534,2457.6598724328487,2373.334551102188
419.135161248578,-1564.2337170182695,421.906521937139,-1574.5765759140788
-4576.070812805173,319.99004316721516,-4717.6713722040095,329.8917188553935
156.0552051904884,453.2172244321488,154.75233549900778,449.43341610195677
917.7200133598474,-1310.6400078272134,911.7334696468968,-1302.0903373562874
-6377.5679076404795,-896.3087171109775,-6375.310092364752,-895.9914018675238
2655.879173377839,2308.720542659674,2586.577590752537,2248.477595973831
855.7125099417353,-1177.7872278048128,853.4487536555165,-1174.6714345801101
5760.097554961181,-3325.593873915348,5472.182576036338,-3159.366083329363
-915.1223601999003,2816.4570224881986,-910.4028989683659,2801.9320143515683
2035.7787957491237,-1223.219307417,2020.489118569942,-1214.0323425223862
-886.8769386404956,2195.0974514271797,-914.8949314860948,2264.4444171784394
-1681.4583879315753,-2314.3289251736246,-1668.1168855548378,-2295.965922510355
-720.3795911876897,-5867.020950275278,-685.4211669023259,-5582.307432319159
1402.1750669289152,-1929.9284114564152,1367.4466021802907,-1882.1287804506894
2059.498768368804,551.8410317973122,2067.7392349927677,554.0490581744596
3243.1960934261174,3358.4278683098946,3076.0148693634887,3185.3066428964275
-2637.5567745462968,1779.0545080869167,-2645.2584613296053,1784.2493614163106
1091.4049555350439,1502.1900487110804,1092.8137145609733,1504.1290391646705
296.08427551097736,-3384.258755115681,285.1112428360692,-3258.836417721576
-477.16237304837256,-2454.7876025359246,-453.92967402088703,-2335.2657274522535
366.3695014393278,719.0406324215091,362.9300869314723,712.2904013756055
-2224.6343577711164,3560.159177232179,-2287.262157607343,3660.384607787966
-1372.9297552540966,3083.6507182880196,-1355.85492815375,3045.3000287125847
-3192.3468411061062,-1037.2563658822746,-3231.83011529879,-1050.0852593392397
2790.0884734090682,-1015.5091552901283,2810.8876988203915,-1023.079454235644
326.7543485136224,-6234.844387297997,339.2436257768802,-6473.15399388915
439.23129332653343,1531.7815565338744,435.6531651157047,1519.3031405295153
-1339.9347234023446,-5803.894927532863,-1391.3855041143368,-6026.752742899932
-1299.8919593981348,1170.427977392325,-1267.717783939024,1141.458219686993
5422.508227499817,665.8002917059531,5430.606919658821,666.7946860665842
2799.881026648362,3853.705624549073,2747.8735918578764,3782.1235315733734
-4422.754371398365,5461.646797292815,-4519.68163854292,5581.342003880338
5233.751035117488,3144.754886796826,5146.095751312712,3092.086278708854
2340.2476333736636,497.4349904063116,2418.926361152806,514.1586702596186
-2861.8831784506237,608.3120483127391,-2870.0338780516227,610.0445329951324
5748.347263835159,-1327.1105347632074,5797.911534329201,-1338.5533482366243
451.41886824833034,2322.3487515317183,451.30540919575077,2321.7650553071244
-1420.8170210519145,1279.3093919623525,-1425.614308047166,1283.6288885745355
-293.97076779342456,-3360.1012513617457,-289.0384244553289,-3303.7243090321367
4601.133685472042,-1494.9989594105696,4484.372995334615,-1457.0611114391725
2409.183504759675,5411.114746773663,2465.3984561234793,5537.37559478001
-1605.9575309507745,-460.5009117247431,-1590.7132817568136,-456.1296936090159
1803.3462198208003,-317.9785941130253,1766.5348718927276,-311.48776027705975
1699.3583231807895,-1759.7370576460196,1682.8360427255345,-1742.6277353816513
3687.0969697323526,-1269.569299555498,3697.9103310832324,-1273.292638461086
-4411.034539074021,-1782.1736368505997,-4267.140057251122,-1724.0364924411858
2668.704070639499,139.86085390582818,2669.950386872039,139.9261705718606
-3258.7762633990624,1186.0975600104955,-3099.5960630825443,1128.1607052107545
-4972.769543657295,787.6093210350614,-5107.345670676129,808.9240855939817
2502.861031767605,-3090.7759713321975,2483.2013948226204,-3066.4983415703205
-1481.759006034156,181.93712891982818,-1474.7489684131701,181.07640452862248
-1188.4396193237897,-1416.3271859104218,-1160.411987037376,-1382.9251544411798
-1183.6900720875847,-4417.591489445737,-1166.5796873974693,-4353.734664445182
-1106.419314107302,-4437.605489517376,-1079.0753689780602,-4327.934915745352
1054.832624542797,5426.643414768151,1046.7510234377603,5385.067181347763
1255.6377531637527,696.0113719244875,1264.1480004167965,700.7286790069497
385.354351631671,616.6958748323888,389.9053723216374,623.9790303849236
3836.7169314491316,2587.8982469759794,3799.934289318928,2563.0880415871943
-5183.581568274431,-181.01465708738345,-5113.012402024679,-178.55032749955103
-2589.831650096055,2681.849181288716,-2595.7811565673933,2688.0100755918793
1221.688321914194,-2116.0262445689464,1224.7232558100222,-2121.2829042741355
-1027.359590346514,2676.3632343200075,-1027.377005363807,2676.408601991115
-2307.5383618691085,40.27823193077796,-2330.046470987736,40.671112436855054
1524.0770208350564,1753.2500549401652,1525.668668009252,1755.081035564802
-535.4862441446658,-449.3263099622956,-543.4804230575041,-456.03422253962344
-1443.208814282392,-1299.4710531461567,-1433.1614234931935,-1290.4243418449216
702.4280483767882,678.3268814271042,702.9635017930683,678.8439627806374
-735.9595484412554,908.8343536949271,-727.7813639329631,898.7351369000161
598.5174716243188,2592.463988678285,585.1659457207676,2534.632176342175
3265.6243879176764,936.4027248568253,3253.65682016622,932.9710800253405
4317.537031850486,996.7819646609536,4197.41553523546,969.0497320221494
499.4026823883204,-152.68272240886415,495.00326701471937,-151.33768614867364
429.8019207044591,1861.6766502523549,418.991879410155,1814.853217186063
-1023.046030007794,1357.6279364011616,-1033.882382452217,1372.0082617977873
-2639.3858526396475,-4963.962825320085,-2625.9325257518635,-4938.660797395281
-7.229580287948577e-13,-3935.6002035210477,-7.344473878088922e-13,-3998.1453608787137
1096.9860491279676,-293.9365259720466,1088.7266413722853,-291.7234243339524
-356.71213065506004,700.0869750647469,-361.02772422031524,708.5568043334074
728.549172107895,-703.5517573995817,721.2305860799216,-696.4842810249079
-629.0155684951865,865.7656561716701,-631.9716752289378,869.8343880349905
-2090.9182452499736,1693.1922097195475,-2042.398710585848,1653.9018652504883
142.64516449500647,2721.8318815726875,143.985374302405,2747.4046080978915
-2372.7882373274692,4656.85912191794,-2161.799551352944,4242.770510281613
-2185.9041118521545,-3008.6388994369004,-2275.462660501337,-3131.9056666212714
-1956.9681773960165,2098.5914399535204,-1973.9900494536275,2116.8451629341475
847.8418769359002,-1738.3334573334805,850.7111611853383,-1744.2163618526815
-453.3173487800976,1018.1674356088635,-449.86868708899755,1010.4216146298952
-2601.4057978800456,-4505.767013032492,-2589.258783503398,-4484.7277669718715
-1092.427300774119,-3362.145519153306,-1090.7114126704842,-3356.8645585851136
-1510.3419559250526,-549.7195155201156,-1505.9337973314505,-548.1150770041197
-461.41075620061025,1850.61746349776,-464.0223203376955,1861.0918751454903
-3223.8297592656404,-5365.353722936809,-3209.766091896617,-5341.947849887932
-2111.892492819792,-3657.905097687167,-2123.9232362870594,-3678.742956625294
2996.2388085961816,-2697.825540942143,2989.530985998242,-2691.785790346525
2754.9261806244867,-4584.967117803611,2726.750501405857,-4538.074912978751
-1457.2473426107442,807.7653922146292,-1491.337193203252,826.6617049607291
-4400.323928892475,-2242.0770277900306,-4581.087910264096,-2334.180876650808
1517.42358090258,5663.101900531533,1509.353033512807,5632.9822076280025
4391.039690301491,695.4723637912269,4349.3771747752335,688.8736695870882
-3655.8403329500607,513.794851931469,-3594.60562214937,505.1888745627824
200.2094847704293,-867.2025530859758,204.25058244446313,-884.7064701666787
1476.3218781481953,-1376.6924233682782,1450.936592958844,-1353.0202619633021
-2974.1312592715053,1141.66202590892,-2974.334600978167,1141.7400814769326
-993.9184339211182,322.94367562993597,-1017.031482125929,330.45356023165976
925.6009905321337,1273.9804689386394,959.958356409272,1321.269326166947
1076.19322459203,1428.1566457578265,1072.9187649422415,1423.811291035968
2102.5679782743696,1025.4909226794489,2068.009339337623,1008.6355482535149
4666.573980171304,1606.8302808320382,4544.795462463334,1564.8985744797
4353.306206099055,4668.349360576889,4198.814814811929,4502.677626592394
4965.136651742804,-1613.270692639139,4930.18042767568,-1601.9127269338067
2189.009251135271,1367.8447920804174,2172.1388274262717,1357.3029813509402
2391.4778026355702,-464.8561945722931,2349.715153340022,-456.73835789181476
-620.0232241130288,1534.6113308149438,-631.1672450769644,1562.1937505969786
985.6067448958581,-2321.943981734753,1019.4202871869426,-2401.6036953380894
1428.0863121738341,-858.0808255575568,1424.9795250992609,-856.2140795527405
-754.379472102134,-1867.1547138871197,-758.8065982973335,-1878.1122357312693
-1248.6780080199342,1293.0439294682637,-1233.4770335596618,1277.3028596154984
-725.4998644548614,-2909.821023638395,-723.845647185073,-2903.186320552804
-1614.1610125754337,-2912.0235513833622,-1622.4364961342624,-2926.9529189214586
-1032.3820791375626,1718.172312255015,-1031.6612307959188,1716.9726191501272
406.686776395288,3312.19799463946,404.68901542286414,3295.92753719976
-2697.944452776445,1621.0885739972261,-2549.95507243987,1532.167583318688
2368.131868066977,2724.224085157522,2260.422128057942,2600.3182031011393
-1733.5482684840188,921.743964593378,-1711.4781050192569,910.0090505208522
-69.31868149829904,-3971.264603332384,-72.66927375572827,-4163.219905200827
6190.103340968877,980.4160532103997,6166.064933254147,976.6087434582068
182.17263234546402,5216.741641060159,181.6352131434424,5201.351968671959
-2982.381851174313,-1863.5990144894336,-2910.896903586636,-1818.9302616190496
2114.405640255936,-147.85364557847552,2109.039806587963,-147.47842993665495
-812.3636088518155,731.4554788505627,-801.451214766197,721.6299150829005
-642.2055942720305,2575.745952916319,-640.5924165717678,2569.2758505536935
784.1635402795391,968.3613261496622,763.5006446645076,942.8447751088788
528.9194513906596,-510.77157698507585,515.8605905520218,-498.16078166143615
5089.555303607316,-2593.2579537972742,5043.8715181734415,-2569.980902489472
-783.989908280057,-4446.227713592436,-787.4223553501441,-4465.694088257832
1650.1437254898851,-734.6913214699913,1621.262316564544,-721.8324897443031
4386.111768566216,-1952.8227763350333,4292.765206653471,-1911.2622092965512
1373.7995473828719,3236.468913869539,1362.868546896395,3210.7170905126545
-714.6705821693567,-2866.3871447238193,-673.1506613959117,-2699.859838123766
-1698.561722765885,3482.5676253464467,-1672.3460301111913,3428.8174899868645
1426.224724438881,4664.970874477734,1410.7687863273666,4614.416778834561
-1273.808704148204,-111.44382111361512,-1253.6860446831786,-109.68331653043309
4945.757794616516,-2855.43459406854,4884.230030835344,-2819.911523086845
-900.59633811255,3900.9113110031653,-911.3719932413579,3947.585801223205
-4643.879153765021,1876.248967730247,-4549.450183254127,1838.0971871652291
-1463.5536046848576,591.3140392082631,-1449.1407406326475,585.4908641417729
3072.758548211266,-107.30309296588247,2911.633999178518,-101.67649972964804
-1754.4557662558552,2.1485886383908516e-13,-1753.844712197526,2.1478403129942106e-13
-998.7738677339277,5138.2461122967825,-1043.3155484385093,5367.393194643604
360.54543918655173,-4121.053227424364,341.6068867465856,-3904.584582496961
-1374.0446863034886,-583.2473656824568,-1368.001031726732,-580.6819865167531
1531.4933810200462,0.0,1511.544671130396,0.0
-3160.0757455264898,-2845.3449815595663,-3053.1885988327736,-2749.103362393082
-2026.9832305854486,1641.4186556821282,-2024.509477649093,1639.415450052202
-1180.6661252621257,3243.853519072671,-1167.1288325300516,3206.6601129707474
794.3658626027361,2770.2829829349253,797.0208128023103,2779.5418946085993
226.2160708133076,-3235.0405306058287,222.64233890310533,-3183.9337832670676
5694.731439869456,-699.2250993043361,5728.298474426698,-703.3466129032594
1298.7832161436002,-4248.1284833665495,1299.4831975643153,-4250.418019429385
-3816.746362990654,2115.657056105155,-3756.8214269278446,2082.440121637813
1579.008682768184,-1025.4202283144555,1604.2883410470645,-1041.8370303542
-1978.4802577696832,-922.5804957064797,-1977.5104683018592,-922.128275450834
-6756.953602160178,8.274881600872625e-13,-6901.756889006985,8.4522144826156e-13
2580.2361348746813,-691.3721886212726,2564.579316056787,-687.1769566629764
2575.1585376514527,-270.66006878773305,2611.6126794355773,-274.49155348222035
-1982.7960547037471,-3173.1369903887703,-2009.7961301994687,-3216.346143491294
918.0867008056513,770.3662120347874,920.102886918553,772.0579930585081
-1118.425172440968,-3658.20390385711,-1083.1558282600352,-3542.843077090698
-222.00007731222593,-1142.0913892823314,-215.39392249396772,-1108.105668981941
4049.3363842983013,0.0,3994.9695609653772,0.0
2258.9716257023465,-398.31764626618855,2344.9956381905185,-413.48600065665386
-1326.7405682649844,963.9334464745119,-1340.4484955454013,973.8928386145393
686.0381293780501,-1097.8905066824254,699.6154118948085,-1119.6187007045398
152.36024787833202,-418.6063406682258,151.10959596383185,-415.1702027735395
1952.6025895074988,4600.043430004827,1964.3245846469142,4627.658719986195
4007.968802549933,4298.020334609651,3988.619950215957,4277.271230791799
1164.3496397841295,-567.891263807643,1151.7887156814843,-561.7648917802802
403.64697228102546,-2872.097445100462,400.5548256464471,-2850.0956785596163
654.4422484791672,3711.5264257896347,652.7065276035135,3701.6826635436173
-1184.3428493071333,1755.8604817199227,-1203.3166432918558,1783.9902881062753
-1169.5747075099553,-102.32452805376904,-1122.1646577778154,-98.1766861650067
3174.0204402972104,1480.0700384510883,3162.8508044359687,1474.8615517101914
2375.24016513246,2138.6758508639396,2327.093145177208,2095.3240793753394
-300.83350128031395,1547.6541971500474,-305.4525400837386,1571.417091776132
574.3733044613459,-3626.450321031741,572.9566776596191,-3617.506091416608
1521.8204365953547,1813.6349725958032,1473.6943730204323,1756.2805634329716
649.0807474330586,3681.119842380977,631.4117760179198,3580.9141260229526
-328.71864964799056,6272.325485738753,-330.77931484182477,6311.645319969934
-1391.5720188315872,648.9006892553805,-1378.5689657132289,642.837266006894
-1301.0153854017974,910.9807801851496,-1278.1956314466315,895.0022164456507
2598.084980349637,-1623.463677876436,2550.8116799990576,-1593.9240413237546
3215.380129888824,4266.953550910124,3147.1224331305466,4176.372527891318
-2011.755442749971,-853.9395218199654,-2016.8567538799757,-856.1048999243011
-507.70244798153226,-1322.6100953549615,-504.07920899394975,-1313.1712350896385
3018.1797677936347,1604.7946489857302,3027.5516100696773,1609.7777459159445
228.35474470837653,-3265.6249922111524,227.52880368716015,-3253.813485319006
-214.81447099980537,-2455.340638917783,-216.43482544931652,-2473.861375024708
6125.357154611544,-1301.9848557851049,6033.008289428519,-1282.3554985276683
1244.6418442439606,1593.0689136174183,1244.7808863136845,1593.2468793510832
-2105.276937715147,-73.51789065824295,-2077.69233372589,-72.554615060813
1520.1445872864056,-4972.168903800228,1543.4239889275539,-5048.312395614929
4661.169200827354,-3026.998672195662,4735.273272164454,-3075.1224188088217
2463.0848552237735,-3041.6564840203832,2457.2344131428194,-3034.431789730142
-1257.3095121335966,5915.176187717384,-1242.4712991609072,5845.367884195223
-1565.3457700215595,832.3091097318613,-1566.2987918348424,832.815840418565
1448.9037432946325,3586.1626068942037,1422.7477294823025,3521.4242009695345
-488.7879310830423,-2514.595913811087,-477.11290144467966,-2454.533093198474
-3453.673632001891,1465.9974801919586,-3501.587674022294,1486.3357843724302
123.82014483982513,-2362.629108382999,124.69297726988114,-2379.283743286385
1672.6451471816579,-1672.645147181659,1692.1979323648388,-1692.1979323648397
-6541.005613058712,-1875.603177767048,-6596.450121708672,-1891.5016347880883
5495.8559774975565,3707.001664161458,5653.805616387302,3813.540040824773
-1120.832080212032,-39.140318712040376,-1110.8895887121603,-38.79311925819976
3826.2750143690846,606.0224266786047,4027.636347770863,637.914928772447
-537.9203010457821,185.2208133991524,-513.8791852619653,176.94279338049049
1199.5316456780154,-436.5938140871506,1167.8778323440465,-425.07276823256694
3412.1284441449443,-3789.55255227205,3408.9166467701443,-3785.9854899124957
1135.6085849084784,179.8627301484682,1118.0076266311069,177.07501222253086
-1814.6239536148023,1633.8947467145047,-1810.5308470753753,1630.2092970326648
29.11714732492438,1668.1202530420808,29.729598362152522,1703.2075494655985
2277.5495999451537,920.1897690182111,2285.26297190194,923.3061735783741
3202.5038728063378,4249.866180626955,3127.1667919779056,4149.89049763759
-1786.8812236803174,-650.3715775888023,-1813.9664136083618,-660.2297805120576
-401.7799993385244,-695.9033723193133,-400.9720866593715,-694.5040265109423
1882.6023801171887,1043.5435395854834,1865.4562698719901,1034.0392954793622
94.29342395901497,-5402.066640645005,89.82080852865971,-5145.830674250803
-5093.917053948276,3979.8041768672338,-4942.758813093628,3861.706415959454
-3988.1079318107168,-2302.5351879881982,-4007.6799374032494,-2313.8350906856276
961.0421426834797,-724.1971989386027,949.2219738556546,-715.2900628454961
1024.4236382754616,-771.9585816435143,1039.9576502487096,-783.6642992803
-2853.425484537995,1270.4268771067286,-2806.877355825948,1249.7023149566865
-1689.6967573612403,297.93912753839106,-1671.1723786855316,294.6727797770031
2166.1126270946484,4645.243519407618,2149.109924480177,4608.781105983509
1971.9665305624278,-528.3868393654052,1949.7731429847283,-522.4401390866495
-1815.4866279045236,-190.81533366096693,-1804.82998862492,-189.6952757389819
1770.3006043209434,1538.8988372842457,1761.0236481204297,1530.8345022918386
-5633.882791288311,295.25928583236146,-5458.586659859803,286.07240486728506
2946.537660137757,1987.464746959871,2974.1193867405873,2006.0688564627048
4072.3597959840527,1323.1899078622384,3871.47010731111,1257.9168912423008
-2291.694932191351,-1218.51580993695,-2313.853204467267,-1230.2975722953834
6315.051243464797,2298.490680486955,6207.870266175362,2259.4799950740417
5479.037466175214,-5673.709386618713,5225.914884407137,-5411.593280092933
5339.237951380345,279.8176040955779,5337.0649852971255,279.7037237686995
48.2337798101916,-2763.311394632436,47.91474667288933,-2745.033998437448
-4723.708548515674,-4561.6323207618,-4806.022407811953,-4641.121890695271
694.4200187871982,4384.395445438349,707.6590778900522,4467.98357490187
-2694.930483650607,-4312.790306351362,-2610.3168906955216,-4177.380251919114
-3157.1872393324625,-1340.1464731549574,-3168.372806210547,-1344.8944645997294
239.82695881300873,-1233.8027440994074,227.7028084805679,-1171.4293978164199
5407.901174341795,-1550.6907083821459,5359.1155506587875,-1536.7016558996831
1403.8343071632837,1453.712980606765,1391.394551845773,1440.8312368793447
-3235.780145384846,570.5553432721072,-3311.837384790332,583.9662866574978
-725.6752689602365,-1256.9064356353392,-730.099721585401,-1264.5698123778043
1903.9683695868123,-2351.205125735434,1974.408887846983,-2438.191921439768
-1217.1053825959955,-3170.667922780783,-1211.0191745416241,-3154.81280873289
-4795.638706703665,2996.647650649206,-4800.262060041485,2999.536642453049
2455.255893053565,-3780.762526912482,2431.451320014706,-3744.1066989113665
-3342.2752828709363,2008.2415954263447,-3233.9231225345648,1943.137049293661
1591.45533088097,-2359.4295566956544,1597.0725901144424,-2367.757485985215
-2693.4939684549486,1555.0894677480999,-2611.3094357593636,1507.6402056730801
-1037.1538829759425,-1074.004285887184,-1039.5774727539097,-1076.5139865704618
5108.446854531541,992.9814787974443,4964.22200253791,964.9470074815823
1272.0850520610547,-4160.802723468436,1287.3425469854783,-4210.707740693495
-3194.423053515223,3425.599329171239,-3211.1862381792434,3443.5756438852927
-6143.161758067125,-3130.097256096132,-5979.370136789415,-3046.6412566411905
-2452.5921143719906,4612.6548981991255,-2334.4506596574624,4390.463137662988
-2811.270788439552,-2811.2707884395495,-2762.282362333575,-2762.2823623335744
-1215.481301348129,1303.4441151858161,-1203.5140948339724,1290.6108573736303
-230.1527259539186,-1874.4435315114176,-229.38743439018364,-1868.210731897954
-427.03062423085044,2696.165250550163,-410.37574940721044,2591.010509405679
536.0065969939362,-3813.8851112488433,554.4925558527106,-3945.419543201819
-5218.656082963575,6.391010467852202e-13,-5336.019603284628,6.534739327350058e-13
1576.2760234343,-1419.2853064299604,1588.9723888104409,-1430.7171651625226
-1956.6547181384915,4609.589646826777,-1885.0501634463435,4440.899887251514
-4321.231128214423,-378.0587361940997,-4446.515889546708,-389.0197325232256
-2178.2600622092987,1469.2549638578864,-2181.5498652546303,1471.4739640306927
752.1486563970265,-2807.057000518374,735.4918972442291,-2744.893129070694
-1004.4395553628244,1077.1295502821977,-1006.337518225254,1079.1648662686582
-2370.9687864699986,2134.8298842415247,-2329.6080197366914,2097.5884825996036
-3886.5881528155487,6219.841221112597,-3858.251680251081,6174.493385636457
-2342.8076867387026,-671.7892938925891,-2311.152218914466,-662.7122345599527
936.7784703173171,-182.09128865383906,932.0969845723156,-181.1813000075018
3093.813952561082,1313.2461089000753,3022.896280425445,1283.1433430542872
-2869.0981116363428,1656.474567084688,-2882.963393505666,1664.4796913043313
2153.9430802180345,-37.597216316890865,2241.7330468233818,-39.12959588403322
-2635.496564106896,-560.1920879597197,-2622.3537439232095,-557.3984952908279
-254.63546503760367,-2910.4966835177615,-261.23560561835194,-2985.9366355612974
-2516.492598913134,-2346.6673126402757,-2587.4020340051243,-2412.7914306130524
178.0883898235321,-1694.3978458467554,171.02508952881985,-1627.1950325932435
959.7436481526344,6059.582912223439,927.3190319995165,5854.861942873948
1498.2351780832669,-698.6385372574446,1512.2599794148641,-705.178409522471
3850.057680442468,1714.1561194254334,3904.2466375505223,1738.2825975568894
873.6656871922627,-61.09265620979132,879.1543169081413,-61.4764585877612
-373.0548196555998,-1615.8779511236514,-374.2404841439316,-1621.0136282498588
-2107.272336143339,2511.349377173219,-2129.9252764381085,2538.3461001523306
528.5024387828169,1843.1070386163428,534.2504724298732,1863.1528141807678
-2945.589123862795,5539.847421285075,-3004.047467925587,5649.791576084291
-453.2980252387766,-1316.4730557274254,-452.227079023048,-1313.3628020783
890.3637481890638,1024.246326851584,888.5979351421878,1022.2149913093967
1683.550142944244,1363.31202483942,1673.6447560084596,1355.2908006562054
-144.1092825069733,-1647.1766363681147,-143.47532305450122,-1639.9304466685262
1503.677949862296,-26.246796245975556,1486.3168964846573,-25.943757932046623
-1589.242707637443,1828.2146022724924,-1577.3007196708668,1814.476916596329
-1805.3621644514542,1042.3263316308119,-1807.6646783826736,1043.6556886688145
-1600.7595741351727,-1343.1967682603258,-1595.2745530724858,-1338.5942891096224
-846.6207441994637,488.7967145650823,-842.0864316256939,486.17882798002546
470.9123491060183,965.5133984192005,477.5519597758953,979.1266176822396
-582.9104819076218,-3305.8496185072972,-585.1762310203424,-3318.699320258081
2674.4039105143415,3302.6137845203784,2581.711164959366,3188.1477766031126
-2512.5864997903113,264.0834825993243,-2498.9131130829933,262.6463517459596
-3449.9237534750305,1608.725866296244,-3459.326241605802,1613.1103185173338
2381.2674758850776,1928.312380738312,2275.366479779565,1842.555444992621
390.32407597046614,1690.6793182183314,389.25455772181414,1686.0467257271882
-1697.5865474796276,940.9875888924125,-1686.1139799432722,934.6282408636091
2599.4278818459425,-365.32576426329905,2630.0312396157715,-369.6267857089674
-3243.7277086583053,930.1239531157602,-3207.2146241960336,919.6539946263827
483.2157609844431,596.72176923261,479.80514872605,592.510013852677
-1338.7321467587346,-1163.7421006656145,-1354.0500947390208,-1177.0577896954355
6803.758482726218,595.2517366068848,6664.298458235738,583.0505654489209
1829.1497699589866,-2612.2965979997252,1817.6338558082996,-2595.8501681596076
-2626.3524581188526,904.3256735615079,-2722.4992445532403,937.4316670599322
1047.302491990234,1248.1265073622283,1043.3199105961985,1243.3802516780904
-865.6725643615925,315.07904604851336,-863.3325245512729,314.22734121055896
-1363.7633222592651,1412.2182610352058,-1319.966753842641,1366.8655867997907
-1486.6152131283543,3679.501770102649,-1487.3967117293826,3681.4360470160195
2459.667825104969,5274.774673092292,2451.25219044329,5256.727286319855
139.8702955714539,1598.7247939844065,139.3420094772872,1592.6864562972603
246.3405623273721,426.67436991609617,244.80908067357316,424.0217658808567
1993.1221157943671,-351.4412048612891,1975.3022005295395,-348.2990730061605
2701.392073491985,-379.65589686698894,2754.1274394466845,-387.06736921659865
-2334.447784493278,803.8148339839184,-2361.0398259918557,812.9712081656226
220.19986474778392,432.1665678648139,220.9939378282388,433.7250240346537
-2027.4725579723067,860.6110414153115,-2016.5332075237386,855.9675626442016
3013.8830056901643,-3347.256184350532,2992.2218357692127,-3323.199017950472
-380.73676364295943,-505.2547505929043,-388.3523743300459,-515.3610073186782
-4849.009819751442,-1959.127136511788,-4667.21127994758,-1885.6757586124925
2575.2586691030847,270.6705930273834,2561.6070746499913,269.23575263223387
-354.06076626052567,2235.4516992644026,-356.16918556937327,2248.763734869206
529.8759389849553,1630.790454159275,522.9113244889662,1609.3555747822004
-400.83377946743286,821.8310378768248,-396.8767895833961,813.7180063164941
-2287.2907334040647,3961.7037619373186,-2282.2625105035363,3952.994624401823
1370.2604059214223,1886.0016490477385,1378.3171101249918,1897.0907510521122
-692.4483452813639,-1249.209882946256,-693.1349410238889,-1250.4485344543384
1382.0229134710507,-967.7028619909747,1360.6092786786448,-952.7088734888636
3350.5787043222676,0.0,3280.832318456869,0.0
751.9471871969251,2622.3514816361003,760.1003198701799,2650.784834283361
3648.1805161457864,643.2726554914361,3658.5864833216115,645.1075082649002
-400.3991662818962,-1883.729973499875,-399.54534232593545,-1879.71304760847
-4796.796169036748,1107.427654743544,-4613.509801158221,1065.112662533455
-3799.617331840056,-1853.1971968180605,-3792.4449220434017,-1849.6989788216842
1265.977036228348,2025.9867640492785,1269.4232067496644,2031.5017897275
575.8599140700716,2309.647963739831,580.1124467778471,2326.703940843417
98.19187842613822,-1873.6126538739306,98.47664870384214,-1879.0463944674016
2701.558251598006,2035.7701620802989,2720.777970791226,2050.2532593201895
3605.2041887739388,-188.94074539556186,3575.1256116814175,-187.3643939661495
-1399.077749908808,1790.737858783299,-1398.871789142228,1790.4742410235544
2497.1846668871012,-2585.9104216945984,2532.585259756346,-2622.56880873686
-1213.9534033112752,-4233.558632857569,-1192.8336325621906,-4159.905239296601
948.558005975811,5988.959546986918,985.4390019784344,6221.81699136121
-178.65559712437246,-5116.02692966409,-176.98735617974268,-5068.254759436743
705.1421801141248,-840.3557264407212,710.2198525936185,-846.407060860174
851.6529818936218,740.330642381771,852.4260639986926,741.0026724029497
683.9212237927192,-2962.388280769054,666.9959892291803,-2889.0770355904883
-816.9844007287276,-1924.694633297874,-812.7697997807646,-1914.7656556836093
-2458.8592653595424,-1252.8513724258614,-2472.891565696223,-1260.0011865623483
-4304.070867045757,528.4734515051974,-4298.711763869889,527.8154363749155
747.209885537014,1602.396770607281,742.4016265163264,1592.0854258618165
-867.1232914885554,1285.5631468492275,-873.3499868831902,1294.7946024041303
2615.8366913508576,-45.659599289143195,2663.3812684417735,-46.48949296924984
-828.147313787887,-478.1310745441025,-823.199976165634,-475.2747278361227
-3619.590838620015,-189.69471776531466,-3559.6444574926422,-186.55306105437444
3159.9753370572416,966.10141319107,3204.910453063483,979.8394568290837
-4493.508625847604,-955.1247433447542,-4366.830836642756,-928.1985480314127
4489.312790799232,0.0,4526.480565370067,0.0
-1020.8951493095669,-2964.8947975913297,-993.4941332458111,-2885.3164686795944
-1820.5565057007366,1952.3078315453427,-1811.2704492775251,1942.3497551975672
-567.5704161972948,529.2679755494084,-564.0175670687192,525.9548901382408
217.976533556996,-489.5833102171792,213.23336286461586,-478.9299744171891
1550.5995366845582,2481.477979271355,1577.964309412393,2525.2707699470716
4045.453341924186,-3772.4462716103226,4160.356728382834,-3879.5954129313145
2904.871054953353,-3115.0928259883653,2877.1150775761307,-3085.3281843328764
1613.1771595592961,-651.7658793802211,1631.624233639546,-659.2189810985667
-1318.3868006221624,-2961.145236427303,-1354.5596730136763,-3042.3908380363864
-2174.3238261318775,-3618.6825318171554,-2147.7927327528187,-3574.527377462062
1312.9358908303086,-4294.419796424125,1316.1913927924431,-4305.068063541448
406.5167987461513,5813.461066615633,409.22431553600654,5852.180360611812
358.39327429252876,1337.541908750683,357.1869794297187,1333.0399550337688
462.5262093209716,3291.0449856115797,467.10728562329786,3323.641037229087
2706.0798156854503,0.0,2627.5485187963222,0.0
3643.330308115021,3643.330308115021,3612.794126357365,3612.794126357365
692.8833821043806,669.1097043485604,686.1579508829972,662.6150309123339
-1441.624430447889,254.19728313643628,-1493.751898651872,263.388762216821
-321.0580929727027,-2284.4470338643737,-320.0672890570163,-2277.397097681882
-1564.1989399678594,796.9991679858316,-1569.7274491999237,799.8160841373333
788.2064831063673,-1482.400792935705,785.2446974831759,-1476.8304843294827
1038.7738091479196,2227.6576225617873,1048.637808468988,2248.8110373697173
3103.13016656431,603.1874010713505,3149.5624496620517,612.2129226138597
1861.0073979765543,751.8957952557726,1865.3237450233771,753.639712662496
-1084.3873070302764,505.658105674294,-1058.8059308539823,493.72931405714496
3801.7450527083706,-808.0858567497095,3817.816012839741,-811.5018447779705
-916.7186834970782,1173.346408017141,-918.3841337707337,1175.4780871587407
2886.044868705684,252.49620843891108,2855.4854458866066,249.82260537834642
-2137.7989215808475,1610.947035662634,-2157.078905787991,1625.4755458478467
2262.3760209215975,-1966.6534709405914,2201.7882861147427,-1913.9853565986652
-2249.6212973438132,-3096.3380815709274,-2250.1867048498675,-3097.116298239954
561.8350492042192,1837.679641845784,568.3111202618329,1858.861915822071
1288.7264166162638,-2763.68271907706,1279.249672069017,-2743.359774811584
-58.65958651370031,3360.605460646113,-60.68739595398965,3476.778585674785
-1336.7684400860448,-140.5000246225353,-1333.298191376941,-140.13528678578277
-1106.0785376229371,1770.0956755892164,-1113.5261900224523,1782.0144108844554
-487.4931019051023,-1594.5180888592593,-486.0377028147561,-1589.757692933657
-3035.9210449422417,1752.7898325358526,-3015.1836706384274,1740.8171038992589
401.1097315137064,-4584.705210348228,388.9987264517193,-4446.2757890507155
1863.029926466965,2564.240708085874,1836.895734092724,2528.2700781958497
1971.979430383854,3708.753903841498,1974.2559989672982,3713.0355066265593
1208.7642944020606,-1208.764294402061,1219.691887190871,-1219.6918871908715
3388.5581209177326,-1438.3575855921174,3341.4416459148747,-1418.3578285248343
-5415.060222602113,1759.4597226107717,-5101.479069380626,1657.571029561683
2858.1086811282166,1717.3249513907406,2839.523015672828,1706.1575569401816
2421.426048394627,-2885.743192375501,2426.0453042586423,-2891.2482071465506
2174.536929809908,968.1662184141261,2251.7944125229137,1002.5634658726835
3932.2806076061356,1127.5633197399018,3931.067933929462,1127.2155911586835
-2626.0026973419895,1978.8349681629177,-2656.293978684797,2001.661085901594
-5400.280841370885,3506.9833837852907,-5388.826846237888,3499.545072373484
-221.66288351498844,-399.89042743220546,-220.2635645877349,-397.36598926258523
459.2084620690833,-528.2589070928208,457.8533778182965,-526.7000609815935
-1270.7406161530823,224.06585610988722,-1259.9321545532546,222.16003270988608
2694.1234228579133,1749.5842078151989,2554.6675128648044,1659.0204809494005
-244.87464399327777,800.948870505785,-246.8159250223113,807.298514642812
1659.328520948002,-4558.967642761662,1712.736816640064,-4705.705729187158
-2907.634195948593,-5036.170157207633,-2872.6898642439855,-4975.644799258718
4168.623166966872,3141.2828708202205,4306.367088738631,3245.0803609483814
-2111.8909142429347,2429.452587242171,-2015.1008480629523,2318.1083529758903
1966.3103623305378,-754.795829816152,2000.0821629039795,-767.7596094546843
-2156.1430584563577,497.78484771375935,-2161.703852843706,499.0686582551871
1195.4716677393062,-1913.1545883735025,1222.31681716494,-1956.1158079366146
-896.8434576139025,291.40210381637894,-894.4831161049783,290.63518237029274
4950.759393289391,-872.9524560327895,4734.199628395191,-834.7671265460608
4463.8083962501,1803.4956591882135,4554.331625032401,1840.0694176635361
3553.3920767244626,-2776.214154887676,3595.9428296958326,-2809.458446581244
2629.6811669547574,-2723.1145639858123,2702.368405041943,-2798.384402450804
-3387.7162180839473,1652.299600372633,-3385.0761136662486,1651.0119354109022
-320.22196661163173,2278.497685670728,-332.0990497488741,2363.007523415709
-1253.5662887310748,-5897.565706191362,-1225.5167762519666,-5765.6031252259645
-1693.1600371992754,684.0810595645386,-1709.6942114192543,690.761299571937
-67.45280230638032,3864.3684560197357,-68.24459298431154,3909.730113578012
2858.1422759988973,2233.025478749134,2776.106984778591,2168.9324848524184
442.72858405722167,5060.410871701513,449.7831881417335,5141.045365362769
896.2794490333831,1328.7889280169948,871.3305898833879,1291.8007232322925
-271.8952542391835,3107.776976826453,-269.4669205903736,3080.020996212007
-616.5014913814824,1693.8239266307219,-625.0989730686407,1717.4453134303653
-825.0798179133725,-717.2309433519217,-802.5811797167936,-697.6731755487092
-1094.966466117408,2348.1631643146775,-1091.669442999181,2341.0926754205584
4710.580612643166,830.6024568112001,4567.347417055042,805.3465798959224
-643.5284525681269,-3027.563334258085,-652.4135954141802,-3069.364644818637
-3531.781636041121,-1499.1523608510065,-3458.2672973642093,-1467.947375452361
2869.140505146021,1217.8778886013904,2890.6398007905705,1227.0037981687444
-821.5536045209276,204.836319443819,-819.9684516337132,204.44109644024874
71.46865333449759,-816.8904456212291,71.4831288496835,-817.0559015169126
-972.8761856745134,1685.0709830620688,-977.0878458382688,1692.3657924499091
-1237.8817887574962,-6368.349727648907,-1190.0393057059216,-6122.221489331923
-36.556004653048014,-1046.82700825613,-36.12543001792134,-1034.4969639474439
794.6480751743379,1376.3708403387664,803.1608763926054,1391.1154445635382
-2034.3808974976596,-948.6473921073964,-2007.5235330666835,-936.123597395374
-3865.497855769804,2706.650737543487,-3742.5803887257885,2620.583000541623
-3210.7135926718393,3324.791254111115,-3268.7858209172505,3384.9268068486003
3581.225912324854,4267.938846904625,3484.55296952978,4152.728520021941
2596.8539510741352,-5568.971269631068,2543.1571400315343,-5453.8180867409155
-1351.570862710654,2652.6071740905827,-1381.9277932162872,2712.1860048158383
883.0382750375055,1090.4614549554333,892.7071214013911,1102.4014858371695
-2224.0200801950828,5504.6428622247095,-2165.5642855843967,5359.959693477791
-1571.970363676196,-2012.030313042859,-1586.9010986099865,-2031.140782283858
-2463.7340151787257,1422.4374968750783,-2436.6705824277437,1406.812416691098
-3761.6492585863334,1078.6355677426714,-3704.516528021612,1062.2530208774367
234.13474799410042,679.9766819663533,233.29257675845383,677.5308391029226
-2891.424564754689,-4627.246569094415,-2829.447165974792,-4528.0619978068025
1200.7053380219531,-437.0210031645293,1154.2375624489878,-420.10811600340884
919.300729271181,985.8293371732866,925.902085808019,992.9084253671078
3886.382155608106,826.0760283317888,3890.4521966105085,826.941142253116
-2053.388006911357,1914.815294138984,-2028.5647648539166,1891.6672464335763
-1926.956142163522,168.58681755095682,-1965.179751905531,171.93095008242207
-2967.460074577805,-1080.067138519686,-3002.241369688839,-1092.7264946493294
-3413.594226456399,-1043.6404890778635,-3394.3834280181727,-1037.7671585799797
451.0516166590777,378.4772451805479,450.4411846322274,377.9650318919587
2397.509950096537,-2084.1236034013664,2360.9940319763073,-2052.380800060262
-2816.442831474614,4175.5482119917615,-2799.2435102062364,4150.04916959436
-2649.030060442706,467.0954723638245,-2669.1362819313663,470.640741692376
-1311.8981222245864,1140.4156390158444,-1284.1783289028117,1116.319190306221
1565.3131331077539,3209.367530085353,1581.731067806983,3243.029284669982
-476.8020303673118,92.68092606028985,-468.2649248579044,91.0214808522301
372.97657976851906,-1754.716847309265,367.6158108104325,-1729.4964122590955
-2735.0043303597076,-681.9131674560368,-2771.554662398359,-691.0261887464884
6623.41047897912,3521.7298214386715,6542.955016008979,3478.950892948756
2038.5263419122998,2609.194733335815,2076.906051431924,2658.3185213814613
2764.534420129035,-487.4620073659798,2679.611230841009,-472.48775780668916
-1301.2882324520938,422.8141771997896,-1313.357024748647,426.735565526684
2145.920461666005,-3181.4579179988546,2131.1466512584248,-3159.5548433323697
4783.375405337172,-587.3246487780771,4774.593031716159,-586.2463088893359
861.4347528160807,673.0265905485701,868.5188603351543,678.561301929852
-961.7036289751459,4165.5960671173625,-976.1267966510412,4228.069669936259
-1456.8091928839492,-2080.5391450208026,-1481.444936510514,-2115.722633175688
2725.215402810197,-885.4761608503263,2681.0017449325824,-871.1102725633868
698.9890705119573,3964.1640077059465,691.4589578855456,3921.458616868098
-1715.7301632973129,3095.259149747984,-1708.098170369768,3081.4906700388096
2542.818302423372,-3374.4338605525354,2532.6554950835057,-3360.947359699047
-344.1544427248954,125.26197314233451,-345.8785519980809,125.8894975983966
-946.5941563831232,-3796.5817942178764,-956.871159524219,-3837.8006024700776
5428.775002063684,3134.3047088113804,5321.012058211776,3072.087744169821
2599.1807034027534,-894.9696881112236,2592.4529227655585,-892.6531274616808
-4088.4821565895736,647.5519581482932,-4033.66033903214,638.8690352568861
-4063.7627017971713,-1479.0886625753735,-3930.33938971561,-1430.5265484204742
-1106.8989698385253,275.98090949901405,-1126.4058107414198,280.8445111831119
724.343079853928,2703.285176125782,730.8821578028382,2727.689347265765
1.6215864478258011e-13,2648.2516411341007,1.58183831744706e-13,2583.3380180283793
1359.187981892303,3052.7861899787695,1394.8942748855202,3132.983837101331
5118.11529782738,5299.963540375501,5226.632645583761,5412.336543549385
2703.320615729711,-1092.2124255956483,2624.478997779412,-1060.3583442564532
1360.7085634209407,2918.04893105283,1337.427666848838,2868.1228872382853
2876.1192241618496,150.73102149158584,2785.5763419987093,145.98587010752973
352.80524220707963,2227.5246323702445,357.80080627558397,2259.0653825744193
-3810.1893334151914,4876.819954376092,-3743.262857949839,4791.157972132049
-3900.903592556113,68.09052548678397,-3957.249421395702,69.07404558761306
-2605.452682243627,-1757.400024403269,-2603.116660205811,-1755.8243576432315
1097.6473760625054,-3590.2427941662913,1066.0896030606395,-3487.0219697096136
3429.2507863530973,360.4287814338618,3501.0489018524354,367.97506745693687
-3727.2326999679035,-998.7089919592737,-3802.1757782252544,-1018.7899292566327
-462.0966818263665,1853.3685609193692,-464.7541379249807,1864.027035171401
-2501.396430871429,-2682.419263833934,-2404.1182550544586,-2578.101191919532
5557.214765480932,-2245.26050785267,5440.9760940977785,-2198.297036157643
593.9558273039935,-707.8489910318,591.5101614252218,-704.9343599344901
1316.4641928298695,-328.2313880128312,1341.8726643501914,-334.5664314722916
-373.2702550359658,-800.4806451449981,-364.02478210285307,-780.6536644565542
-671.9177341290778,4242.321611594491,-666.0575046913368,4205.321579105615
1711.291846275487,-1968.6160754902344,1687.864994633259,-1941.6665654803594
-2398.3759606823946,872.9374602679999,-2346.566589523732,854.0803913101963
3564.8695722027783,-3822.8545845493304,3491.592079735089,-3744.274094477914
-2875.9383760592395,663.9626906693861,-2940.278229954012,678.8167163553558
-2066.9330278021193,515.3442838325108,-2029.4651399439413,506.00249018207967
-1252.019059223839,557.4347997194609,-1251.7326707226962,557.3072913436083
-1383.6312285555748,-1591.6856525747266,-1367.707546520718,-1573.3675518351963
-929.9369766882974,-197.66420633468059,-950.884394304362,-202.11671739901698
5218.432809391319,-5218.432809391321,5090.983845965947,-5090.98384596595
-1744.99367374336,152.66716437699864,-1692.5113276443724,148.07555405809347
-140.4595749739033,-1605.4602883753423,-139.6458561486191,-1596.1594396426024
-4209.367310879682,818.2181191630006,-4117.437467912155,800.3487678679915
-508.5287628673799,4141.6344133812945,-498.60346803296585,4060.7993738500377
-1732.5014586859309,-5332.091217529805,-1748.8547595207272,-5382.4215022875305
3975.645179581949,-2995.863526845626,4044.512315950392,-3047.7586363750556
-321.66942930814207,-442.7399868680072,-313.01815337099794,-430.8325270791144
-1565.3471394587143,1678.6292926821732,-1597.247507637226,1712.8382493550732
630.2741028738158,3242.479167101567,622.9762288333337,3204.93485989857
-4692.647471310732,-1615.808103806207,-4697.8058732701365,-1617.5842840412793
1263.8635876737808,1804.984263530245,1271.669027321232,1816.131586604502
-1199.4759358600065,-749.5157506716774,-1200.5026482648411,-750.1573117866826
-787.6025402211825,1045.1838724955996,-786.9777430100141,1044.3547385919555
1129.8753235207862,-982.1856341224377,1118.9784377537064,-972.7131158416158
1076.153633529705,56.39882210066755,1073.8256159666196,56.27681587005443
-3575.7199894550195,375.82331501586384,-3530.972849624487,371.1202011036492
2021.0237407668187,-248.15051258439877,2056.8716423106193,-252.55208143474536
571.89367963552,-479.8757756547823,574.4120669420386,-481.9889535148435
-1197.2359845305705,777.4941392034503,-1205.0317744878373,782.5567843966727
5494.294558380012,772.1727433355353,5496.642906181633,772.5027820957473
4405.817329679182,2054.466361261411,4425.092931681394,2063.4547220905843
1670.72335503719,87.55890083381117,1680.6517250562351,88.07922465840959
-771.0929186159213,-3627.706962126077,-754.4627536009428,-3549.4681870710137
-4524.880913125858,1646.9219659770865,-4476.980584518884,1629.4876721525804
-779.3155195836914,-835.7135784381785,-776.8855092889012,-833.107711433009
-64.90052036062498,-3718.1483212765283,-65.3843470704609,-3745.866734918963
3277.8697531016514,-2849.4087046602185,3234.8798944795835,-2812.0381906994585
2425.619618650431,-3464.143823490181,2480.540373526127,-3542.5787900946766
1896.5933755403382,3156.4614412736896,1787.6517874438698,2975.152191430066
1793.50252140244,-3677.2251095135766,1778.7392237197853,-3646.9558635604535
1012.5822030814904,1987.304469455284,1029.419360715066,2020.349251909784
1168.2158285241771,102.20564154741017,1164.607461199642,101.8899503126762
237.64303448009667,-1500.4190689006834,237.55885520961138,-1499.8875819041546
-2708.148873307248,985.6855798453936,-2673.2400855954197,972.9798202039694
3262.6862734132546,-1252.4279179670807,3061.827783944139,-1175.3255677283435
-2914.3037629110486,513.8703833814232,-2858.5647568567965,504.0420927361862
532.415979049217,-225.99717485397318,555.4607659774002,-235.77910654990325
2507.7821605049817,-863.4986459770815,2507.6879134914866,-863.466194127864
-290.2650263096452,-622.4753577029231,-285.9021087792404,-613.1190508653586
1387.3215938124379,-2056.788845761206,1338.3112969063864,-1984.1280925130711
-2734.124571019975,-2214.050422378119,-2731.72808125214,-2212.1097832284136
-2808.6793677389705,-2194.380819480434,-2789.3103226995327,-2179.248062991961
-1887.4958094442807,-2597.9151070842104,-1845.5883125064543,-2540.234385966786
-1766.779455046627,-1962.207373717888,-1838.168694807319,-2041.4931568202512
-1248.9681916414095,131.2718466536256,-1226.7986413928018,128.9417330285615
1009.2454081322302,1202.771840950794,1008.962739296256,1202.4349693500071
2305.340776091742,4726.649049370295,2268.3160307988765,4650.737071862838
-398.73240853951603,2517.4973483663953,-401.80717770313356,2536.9106768304614
207.1321760813625,-1970.7310134342977,209.88102880325448,-1996.8846000613541
1990.0730190444908,-104.29530753922039,1960.6538036261986,-102.75351179089802
-5875.13757684542,-410.82964047832115,-5714.124209020333,-399.5704889860252
1853.7893980362644,2209.260175022778,1795.1716668201145,2139.4022832562086
-2421.1365947123286,1128.994535553673,-2362.347701023666,1101.580824212192
-1417.4966527100414,3894.540045473351,-1419.0809352916906,3898.892826092469
3592.1206582093546,1599.315158124184,3664.170804813491,1631.393950173032
1271.736888569664,2202.7129048622123,1296.2338096445915,2245.142816792996
-3360.7298300238504,1091.9673154922164,-3493.567198201782,1135.1287928089691
-521.424738715211,-3710.1297983563,-538.5223431387695,-3831.7855751969864
-3879.044133382487,1891.9362363358573,-3881.9716889318615,1893.3641005821246
405.3265757928376,391.41932437413243,403.6723585734859,389.82186537431164
2884.1271976239595,-665.8532290914833,2891.70389394949,-667.6024472668676
2995.5313074392934,-104.60625829240108,2869.3633851288955,-100.20037736014667
1069.8282648795243,897.6925024834388,1066.7728782359713,895.1287286777296
-1449.4620423925485,-1789.9365546560439,-1423.4288806207153,-1757.7882772083879
-1648.3325040194557,1070.4396442245022,-1679.2627881855733,1090.5260056217353
584.7972712200839,124.30249724455237,591.9136974092116,125.81514032669202
547.3366588548994,-459.2699885749504,548.8508367611332,-460.54053469760805
2277.5344964325113,-199.25844922706915,2269.3799947737784,-198.54502277522647
3225.772006764952,-1238.2578586210839,3224.9358504478487,-1237.9368882832862
2541.841616002911,88.76306515696916,2600.741729868988,90.81990245632412
-1831.2330874576994,3171.788747977959,-1829.2612226775323,3168.37337799305
2861.212548754549,1457.8606100032628,2811.9544115400513,1432.7623354977854
3389.2096465322284,3764.09864881852,3331.637772487881,3700.158605002694
-4204.9760150764705,-3168.6767067459873,-4298.652833526936,-3239.2672526900733
-1934.8002302145806,-3966.928344697453,-1918.3084034706872,-3933.115088969798
3844.2978914003697,-1399.2100041220583,3930.4101340433913,-1430.5522972500285
-735.584292957757,-788.8175793535268,-750.9787139354553,-805.3260747189593
495.0292747286878,1111.853955199767,502.0448901760583,1127.6112854861306
-6266.916093582947,-1562.5176735988227,-6121.673261226872,-1526.304568280195
-988.6729597092211,6242.235396882362,-991.1232084508863,6257.705658586381
309.13207472018775,-4420.794629818344,307.1166255622363,-4391.972364053115
-6602.870629965855,-810.7305709990413,-6353.129467626013,-780.0662120417625
1841.939530590887,-391.5163334264949,1823.7150874819579,-387.6426084609095
382.8404968287097,1111.8495353047526,380.2801473058369,1104.4137403697775
763.1921948072071,-909.5370400013493,768.3446070400656,-915.6774457903854
-3076.7308157730536,-767.1151495827643,-3059.6027070573086,-762.8446324441875
-693.0150013841577,5644.154251055889,-685.1877097433459,5580.406076340315
24.48225155768271,1402.587252374235,23.877681841104234,1367.9514765083356
2680.8687017555294,-975.7564094148901,2770.898560189333,-1008.5245980799933
-371.81380695739233,2108.6608836803093,-377.82012090185447,2142.7243827564544
-3160.939132678572,2747.762467081812,-3142.443314933047,2731.6842980105575
2548.608949410319,-178.21609872296375,2521.070084229421,-176.29039367632157
-4782.5224688765975,-334.4265492967467,-4749.367924654145,-332.1081577178308
-683.2938574162239,-1052.1802710249594,-679.6223411831787,-1046.526631813617
-1931.6848740700914,-4550.76438060398,-1882.4367502540972,-4434.743071599696
2216.808439140026,1795.1360786675373,2284.5239896593953,1849.971050277134
-1288.6194408462418,2231.9543431666907,-1323.4042997941747,2292.2034861986267
-1980.6956539505695,-5159.888588593159,-2052.1508996964176,-5346.035867900679
-1352.0716339340443,630.4813572775881,-1355.2503554044722,631.9636194423894
-738.3871217989981,498.0484023801906,-732.4255726941512,494.0272867353969
-597.560672141345,450.29426467425753,-596.6649717602332,449.619306024393
2192.484266875819,-1265.831381674773,2169.256760503015,-1252.4209746178312
-3341.8022998163165,3460.5375841548407,-3372.3273735624325,3492.1472233496334
-1454.4053773244939,-1506.0808567595268,-1481.5445546588032,-1534.1842975805414
1652.3826932862446,-5762.543271319182,1641.0639416488673,-5723.070093372752
-1887.1602835322788,1528.1922656842032,-1920.476146580556,1555.1709196328043
2195.2516848525047,2195.2516848525047,2194.872027455539,2194.872027455539
-698.8571361563886,-2608.1703393677285,-719.0487295367769,-2683.526391749103
-3627.633451325066,-1040.2071533917622,-3559.2490972031915,-1020.5982553892171
700.5699159476502,1924.8000248153905,686.3043140991937,1885.605605861827
3122.6562554915067,-494.58016335193514,3067.3259973040717,-485.8167113759061
2145.193711389189,3063.654122996191,2126.715505373419,3037.264509906596
-114.06599161644479,-3266.4226268954585,-117.17343609837411,-3355.408194142586
-3343.678847888357,3010.661957471821,-3346.1468378083287,3012.884145577047
-716.9832757033092,-2500.4178316800926,-721.3416316698281,-2515.6172252291294
7087.788158060368,-2720.746961829291,7203.373478662052,-2765.1160093863227
1056.5478491468318,4576.411518606321,1101.7910353914635,4772.381288300684
-1577.1807322712762,-3542.405923774471,-1616.3400244712195,-3630.3591340955995
280.5745473831961,601.6940585821013,281.54628337852375,603.7779531489904
1549.2483432451334,5067.363000185564,1547.4579622158371,5061.506927707787
526.9515770298642,-1034.2007009713202,527.3039733542004,-1034.892317699563
1804.8549955279354,1514.4531610759627,1806.181137117484,1515.5659259946417
1174.7705632133554,-2034.762302721835,1173.1433243640283,-2031.9438423587526
5383.768117758982,-1749.2923014106575,5562.379170713754,-1807.3265504805622
1050.9347175919845,1618.2975508762706,1067.9731103624003,1644.534374943146
5473.757537979741,-2437.073872332411,5514.0975077110015,-2455.0343840212468
1988.4269693827364,-607.9231323801639,2020.057111678572,-617.5934373389038
32.13610617439242,-1841.07628969299,32.78344948310173,-1878.1625630108788
1917.3728557577492,-201.5240077235845,1877.798909450677,-197.36461836053465
-2472.8323134239217,-2651.7879980537564,-2412.257845555626,-2586.8298340854044
-69.4612337943971,-993.3419222731096,-70.13703751931361,-1003.0063657981835
1101.4063578522105,-3841.0604409119974,1049.0624168521367,-3658.5154250207847
-795.9056346665005,-1056.2024509826845,-812.669660560099,-1078.4490647342957
-3424.4175777247133,2580.483734937656,-3487.622501365674,2628.112061133743
2249.686822092152,-2249.686822092153,2265.9988475958003,-2265.998847595802
1644.8428151507696,-1151.7313383386513,1641.965876872841,-1149.7168844694809
3133.6521298407138,2537.5814603325402,3023.771204959497,2448.601641811026
4628.201505167173,-5140.138512789982,4547.8999162396285,-5050.95456316638
-2636.410909932501,277.0979525345433,-2547.518666234035,267.7550012395651
1970.2575754372915,-2266.522068870927,1926.5771344357647,-2216.2734695292866
2476.832867532878,-2078.309545634609,2468.13171314071,-2071.0084101933176
-2446.0843165785104,257.09382148934975,-2397.3952657446384,251.9763960356437
4342.427581177266,-4656.683463602663,4416.7443750496295,-4736.378467980744
-3682.4756837347277,2877.065321662442,-3664.746775248395,2863.2139802884117
2203.813942177444,4726.094250514976,2148.7021350124364,4607.906598647831
154.6886143200547,539.4633078774954,154.93343502878918,540.3170991532872
1376.0123478667338,1238.9670830229722,1407.640022379134,1267.4447690656743
-3689.0006376913593,5077.473782325017,-3601.033988801777,4956.398077188956
513.8556061231703,1492.3450408576166,512.3776892211501,1488.0528585144643
-1015.6368499118017,1450.4797427753786,-1000.3008422333554,1428.5776539780252
1128.7175728391624,4527.038920490169,1110.4851724885305,4453.912756791262
1318.1557450752543,1814.2857358867861,1300.7068831400056,1790.2694377863127
-985.0167125318297,-1460.3473313324255,-985.4123805979902,-1460.933933363804
768.576118515627,3953.9813570884467,778.4854094270489,4004.9602394422163
5216.946555924594,-3259.9100133461934,5174.100769643826,-3233.1369946408963
3019.050757606273,1472.4894410190327,3072.8252325541534,1498.717004884133
2538.362155036345,-1238.0419445934942,2576.270471276934,-1256.5310658016922
-300.5245755142654,-743.8244259838716,-296.1065347769445,-732.8893914370705
-3564.844676842436,-564.6159289855912,-3548.6444226326935,-562.0500607894666
-1676.2737772990754,-5159.040208191935,-1684.1418341381968,-5183.255597195259
-1531.0736249814743,2031.8033255512544,-1533.5626307120535,2035.1063477170053
711.0784847734949,3345.3612496676974,695.6898680893679,3272.96350027233
999.6738008666892,809.5198823452107,986.054727935978,798.4913745390023
-1869.8215735720125,-1309.2631609222633,-1811.5186168047,-1268.4389910938776
568.4467754821056,946.0543052431804,575.9826434978175,958.5960957634311
-546.0969983959417,1680.7137416640103,-539.2283598331695,1659.5742458365592
-1358.56212292196,-1508.8360958900444,-1362.1230915957703,-1512.7909522640925
-1341.4930072998038,625.5484626652781,-1332.769448189126,621.4806002456014
3379.548655669826,3379.548655669826,3214.878851077196,3214.878851077196
2006.471422699172,770.2122165005554,1887.5574832320672,724.5654318747548
676.587300452866,-4271.8040930441875,663.3762608088527,-4188.392871481365
1848.4805457751052,1551.0593441982653,1767.249990834901,1482.898815507617
-5618.36553016864,-4714.3684441836585,-5547.891164194344,-4655.233429687177
1351.0868716049315,-1859.6115430629852,1365.021266913207,-1878.790592837996
-437.9078907732788,3115.876547201325,-437.4057203816352,3112.3034192011446
228.27321348243981,-3264.459041359528,225.84836723340626,-3229.782124428263
1903.1958438693982,-509.95978940307276,1876.0046009875507,-502.6739178316848
-3023.753510138616,-1607.7582603602043,-2936.497589670491,-1561.363464478999
-6550.818586814646,2646.702509761519,-6669.607407223865,2694.69630854286
-1963.0504516216738,-171.7446604463413,-1972.0643581576396,-172.53327508232059
548.2304495992577,3461.390831548291,545.4507637170517,3443.840585599197
-40.8417444810667,779.3069090085028,-40.70822492657135,776.7592041386912
2268.020582048253,1009.7878219980439,2260.50642293769,1006.4423028160509
823.8291308837678,-576.8513676415675,807.513379451013,-565.4269554967966
-3697.214361179169,-585.5812273552001,-3609.774249717858,-571.7320742394849
-3315.324274863951,525.0957797686768,-3308.029155988908,523.9403464485517
436.48319047837214,185.27612205688897,434.6745547884386,184.50840175481414
-3467.385034189729,-4601.375354185584,-3571.1350111812544,-4739.056223895435
-1883.7396680091235,2092.10484997112,-1884.1514197160611,2092.562146569847
-1377.0254100912584,-3587.2738376342313,-1322.0608101898663,-3444.0861594858443
-1041.9334618906857,-843.7410810906744,-1038.833178003408,-841.2305207003853
1432.0446110379114,-2936.1265673239536,1436.7779197734726,-2945.831288407865
1008.0986296243253,-2626.186716167133,968.9345718963231,-2524.160857650877
-137.52659547113092,-647.0117619075445,-137.97605724173707,-649.1263132865975
-2253.613969287114,-78.69793394485787,-2214.069010143201,-77.31699354203259
1735.257280235945,-243.87450658776189,1719.901101486756,-241.71633640851184
1166.3109394169956,-816.6597116762297,1171.6170829904195,-820.3751134051633
-224.7234387364245,652.6442552470412,-222.74780936181892,646.9066109270549
-2846.4776536452387,3161.3337053200444,-2754.816109440888,3059.5332471981196
-721.0385213061546,351.67398445235204,-721.5213281554313,351.9094650867264
-3107.264734765089,-381.5241360672119,-3058.989725670252,-375.5967102729176
-1591.6195832124822,1830.9488848419119,-1616.3460692778103,1859.3934532330543
-501.71819907194566,665.8025379911435,-496.81744420401026,659.2990166216175
1999.124171863218,-1201.1949874186942,1925.2323168211306,-1156.7962816570114
-4873.685076120577,-947.3484117362011,-4776.426843630799,-928.4433264386496
-2883.376738823381,4994.155009004358,-2844.5935716353347,4926.980592956223
1897.048545554338,-1139.8617634071136,1913.07758835994,-1149.4929839897068
2158.10024868558,-2665.0318606194037,2212.107910282642,-2731.72576835673
569.808432245221,-2680.737906975587,563.4653591137215,-2650.8960941344994
-759.1172031724248,3288.0978512954084,-759.6175263169297,3290.2649889251834
-1061.4770407988665,-1996.3479629879414,-1048.3620353837985,-1971.6822252106563
1733.3094087791471,-2065.6777149898953,1762.4939916362744,-2100.458546458239
-3360.5629228070147,2353.0914911775253,-3280.890770679859,2297.3044496726984
1492.8751263749607,1045.3224170935212,1498.4614783209256,1049.2340228371775
-3646.116783403436,-63.643205190171365,-3539.7101993898336,-61.78587135742404
2568.0459269360226,-269.91250327774577,2597.3900719101357,-272.996697194775
-4003.6968724913036,-3733.507733920316,-3970.5629585492056,-3702.60985930652
3672.8397221055307,-3672.839722105533,3635.1912067069343,-3635.191206706937
1432.7992654790553,-1536.489100046087,1366.9546077576167,-1465.8793493833332
-2051.549063385039,4399.561164194121,-2067.8882600051843,4434.600684421592
2808.263992567033,1022.1245032559633,2836.453856108411,1032.3847744930517
-2128.9853145784045,37.16157689718772,-2132.3607283089286,37.220494963013564
3506.649407284707,-5399.766562658901,3465.129410455904,-5335.831374244522
466.8738453666778,-314.9103849907981,471.4421094124502,-317.99171799685627
-2518.1776854603813,-2431.7759238187527,-2543.5919130915768,-2456.318158162584
-1534.579344647496,1765.3315964564033,-1530.0070455138662,1760.0717679847094
-1738.9490350343308,1003.9826934841117,-1765.2899448674477,1019.1906248669599
-1472.909583131827,783.1599173357706,-1457.281235626568,774.8501775659399
2709.4558396785424,-477.7501675734361,2757.9829184110927,-486.3068008489485
-393.0028529807168,-3739.1723748078016,-383.9836667669638,-3653.3605500896524
-1208.3797924180496,-978.5266619356339,-1216.7349888784886,-985.2925666235046
-5296.504727917654,-2698.7039522416144,-5054.096039411008,-2575.190556268908
-2881.984970361291,-2418.272525688624,-2786.01218628399,-2337.741797966305
5416.790815131822,-2411.7106532124935,5470.772770726131,-2435.7449683321306
-2510.266944881115,-1508.3205504256905,-2485.4026501413405,-1493.3805748966663
-4004.799199365816,-2040.5471121917897,-4048.975990541323,-2063.0563115727145
1366.6688130726586,2682.238570082654,1357.4018009902893,2664.0510348151543
-1090.4597388536379,375.47539926794445,-1095.7203263387469,377.2867648011935
-238.33758107232833,-2724.211017370332,-234.93940780491772,-2685.3697191899855
1117.2591135994733,-811.7362608315902,1072.169988147271,-778.9770936399967
2285.81086642351,-403.0501285470579,2279.303422954335,-401.9026906880076
-6571.419819167476,1040.810650196407,-6785.52210974876,1074.7211216623255
4734.734202854366,-920.3390980357615,4820.986271422418,-937.1048017877856
2578.8053889288103,2864.0535382533003,2562.3873943700773,2845.819508027975
637.2817016111368,413.85557603210225,631.1484486931855,409.87259501618297
-168.13290356796122,-1921.7678815969255,-162.19976320555466,-1853.951776934991
213.37395244454086,796.322431534811,208.51561627067176,778.1908740936825
1046.9566918864011,-604.4607278904953,1051.3657836287096,-607.0063181947974
1700.0167041116229,59.36589145640266,1709.1382016735129,59.684421170181
-1477.3940118936669,-1196.3700815694058,-1505.2415431855288,-1218.920567773456
3270.1313497274896,2842.6818132351823,3290.2033344739325,2860.1301233769123
-1652.8800149667911,-993.1505089712298,-1666.9682827797335,-1001.6155942903398
4295.632647387206,225.12456766529448,4372.4382199106585,229.14977715781134
5001.168922772377,3768.6510970033596,5139.457780640173,3872.859225933726
1109.6886658036935,155.95657135183447,1115.6571961084328,156.79539358280886
5265.800676825054,-834.020893059502,5411.870695542262,-857.1561112222222
-3518.400203661829,4669.0747706576285,-3483.89185546235,4623.280645876832
3015.9323101590153,-641.0562020769297,2993.928150192234,-636.3790734919528
-2997.7982748030586,-528.5927185690691,-3024.964672089824,-533.3828873793711
-2764.5031010781845,587.6132738912929,-2815.127061298809,598.3737288139084
-1755.08597515595,3444.5501729058155,-1818.2175859874387,3568.4529355531604
2118.5802537826853,-297.7470372506236,2166.0639740068773,-304.4204389257069
-2140.9883777158925,-5577.4654104241845,-2183.6705752460703,-5688.65633646715
-4855.67703339622,3034.163760939303,-4859.713071227826,3036.6857572834215
-1617.794402542285,-934.0340338012578,-1636.1843223653532,-944.6514589614823
-1290.475127303677,-715.322043739092,-1279.1993178398366,-709.071760490829
-1408.200765738625,1100.2070175073418,-1399.291355731952,1093.2462235284725
4131.658466266394,2482.550863651278,4100.486603183697,2463.8209187031716
1607.9780421861028,3024.166859635182,1507.5622833774057,2835.3122845058356
399.1582028878321,1305.5876531050874,406.99531436666996,1331.2216897069964
-1201.4260119765263,1999.508661294737,-1230.2136433712228,2047.4193255704045
-1022.4040578534587,1262.5638638731336,-1017.5006605429725,1256.5086724770536
1638.6097790276604,-2523.2377880886543,1645.2141255684148,-2533.4075899356512
2755.229761819726,1403.8596828516245,2764.4747323420743,1408.5702306125872
1834.8070505700107,1382.6262841141927,1818.5927771326246,1370.4079526959779
-2142.512398856131,-1187.6140155357389,-2207.9236937224523,-1223.8720883473873
-2618.3624965909767,3603.866801547582,-2577.7948202599837,3548.0301852900825
4985.14068976364,-1429.466090148203,4885.949563738459,-1401.0234924522617
-4415.590218884167,2653.154272290782,-4282.250297967522,2573.035564867724
3966.8325556116456,1365.8899861935033,3844.4848123213337,1323.7622797549736
-1734.4309678033483,-151.74304735108953,-1723.9618339712852,-150.82711682384817
-1843.2426145292043,3617.567319469801,-1837.0288418812597,3605.3721039921234
1818.0593937227102,661.7195034431254,1820.5741128915342,662.6347863681154
1829.8015157689867,2342.039138682726,1850.623842796466,2368.6905019243327
2519.121903030437,4031.4377642832014,2465.185774759516,3945.1219158484632
1956.5071318416412,1474.3338732542713,1937.9998550364471,1460.3876398613445
-2621.3514001425183,-6175.516897681154,-2703.628137567456,-6369.348744195953
-45.05037389388384,1290.0739173153067,-43.93045269645788,1258.0035702489113
2675.6982142637094,-973.8745058712234,2752.6302825880957,-1001.8754888018333
481.37148952960206,770.3554159901447,486.20794741008643,778.0953665345368
1066.6593310611183,-863.7636951517641,1097.7490588717046,-888.9396603291527
2484.7616845453276,2573.0460468920046,2474.4245984645527,2562.3416808991014
-3993.2315915164336,5920.209295814283,-4060.8001743518043,6020.383839423725
-3221.0476589604555,2172.6240791241858,-3182.5955713294193,2146.6878185266814
-1132.496111771557,1132.4961117715573,-1124.4563483720995,1124.4563483721
-3069.9510001204844,1632.3219015026552,-3097.6316569246683,1647.0399678000206
1317.6686891316367,823.3707798088996,1317.8647484809956,823.493291287468
3886.6802465304613,-615.5896755671587,3796.8047071195883,-601.3547885587014
-4456.130928175648,2270.51211418472,-4216.5595970754775,2148.44442401993
-2839.035751886379,-1987.9142347177115,-2913.681700176036,-2040.1818904069398
-1236.820377096552,3591.98719289492,-1242.5079206799985,3608.5050188372234
2963.2186553993142,-3659.2702917442302,3010.6193324250003,-3717.8052530210834
2633.3134846748017,-2542.9612726985606,2721.643360722967,-2628.260442478374
1597.5986633049617,-488.43492802967137,1598.5960794928756,-488.7398687605001
-657.7659658115407,730.523113459009,-654.9401112849469,727.384684056686
1720.4887637704671,2457.112598601,1674.092247214248,2390.851505961462
-141.0594808055326,1342.0913101072522,-140.2748450206685,1334.6259992862276
-1472.9600807360594,-422.3645065579852,-1486.4404880293255,-426.22995114747914
-2136.0288219884706,3554.9489421447647,-2058.7111040970753,3426.2706506359405
1484.0136249925135,-1768.5785690435862,1401.5566441169872,-1670.3101658507073
-2991.543599849324,3694.2486851045614,-2904.2654556502057,3586.469153005412
4271.902983430792,-1992.0210760689622,4240.4506374044595,-1977.354606249942
5105.988489772573,-267.5935177937524,5206.52143094247,-272.86222598525967
-1436.7635874005075,-3227.0238527080874,-1404.519172332897,-3154.6017107131934
-3606.402908317771,-379.0482197386514,-3611.6535498406215,-379.6000844005636
-976.0676534246512,4592.037271189592,-970.756147887928,4567.0486023148615
-1601.7290671073174,-2287.5061745302223,-1636.3626834334857,-2336.968104652706
314.8029110212432,-3598.213738034347,314.06673513425164,-3589.799209141997
-1077.3240613083667,-5068.411216496948,-1086.8507561107185,-5113.230791707893
1746.79134271696,-3285.236707685649,1680.5747485506126,-3160.701406591895
4048.9382842135706,-3397.462620943173,4027.6630599374557,-3379.6105880998803
-1572.384344163009,-305.6405549017147,-1613.8677500006856,-313.7041121525271
83.55359344844526,1594.2975373406534,84.73789363611448,1616.8953311008697
1019.1048389111465,-331.12723468849504,1011.4133792155174,-328.628127940604
235.8435384504205,-1920.7914799395671,232.5423112122141,-1893.9051416741477
1145.6444496374224,-1906.6725516003153,1156.520190247826,-1924.772823553576
-2586.6360439741998,1879.3010904188,-2563.363703809896,1862.3927455632274
1956.906108892025,4843.512583488698,1987.8458440044471,4920.091115113628
-1737.0106120989576,1677.411649824727,-1716.0324640811739,1657.153287767713
-2266.113708963921,-1308.341359884621,-2289.9533265784767,-1322.1051695317628
-1112.98650816525,-3881.4452243755572,-1105.248126141608,-3854.458279134345
-3799.618323856744,-2760.5843024703704,-3926.94292776875,-2853.091042073885
2378.4313704601755,-1926.0157478487724,2351.7185695974945,-1904.384148228252
3110.527555202254,2259.9305533869797,3009.5335285172823,2186.554097925841
-3465.8734620637456,-1616.1633375565034,-3373.6552059110863,-1573.1612584908148
-841.2015679826213,339.8674946786352,-836.0000536719926,337.765946483084
-544.8090541212707,-3876.5178481752664,-530.644553798036,-3775.7321914426143
-2369.158110298954,590.6974600605632,-2403.398260451654,599.2344883151862
2716.3477793989164,-2046.914870653785,2725.2045546997797,-2053.588929552601
-1856.0202635906128,2858.0205760330928,-1802.7079263230682,2775.926775735733
915.0239985019027,315.0680295069268,917.5069478120681,315.92297751681514
-3770.071309964115,2448.3129355867827,-3668.6759017054987,2382.465987548272
1894.2341829773266,-1479.937940397877,1855.7187015023967,-1449.8463483235307
-1265.5715992044593,-1679.4702371141375,-1252.7816194407542,-1662.4973607000848
-765.8971345995855,-821.3241222421574,-753.2580624989415,-807.7703767976822
81.45884390105097,1554.327334900264,80.30845836612559,1532.3766712647687
1276.757368004896,-4764.923366332198,1257.15695906846,-4691.773644332296
1929.1976781769167,3341.4683964463316,1912.8929422502486,3313.227765417349
-6619.358410547581,1773.6517405183868,-6524.243331679318,1748.165731947615
-1444.7290380655597,-1604.5341502127533,-1408.1871049714487,-1563.9502220023815
-4376.186527500308,5215.336016010865,-4356.0540217323405,5191.343029933968
-1330.1867970422466,-1240.4192556230303,-1318.7245984647022,-1229.7305825291646
-2713.145484255177,-285.1630812871642,-2699.0561253262304,-283.68222999155347
-4442.666778212266,-1358.2595415965889,-4420.494446538934,-1351.48077952457
-3130.1151819931074,2274.1617972732315,-3198.309777199136,2323.7080708705225
556.458781476188,-170.12652246437108,541.9241028442748,-165.68282526145333
5651.388174387419,-693.9032154840249,5690.254522952795,-698.6754030265267
-881.5478289277042,5565.873940150797,-866.3390152227907,5469.849269584968
-1591.550303947705,-3939.225233851667,-1551.4926943161522,-3840.0791708733313
1349.5425038420065,-1608.3221273122963,1323.473817973206,-1577.2546772739463
208.64101243552383,2384.777684639117,210.46245418219263,2405.596859069976
1075.816721596438,1328.5230104523016,1060.0405261145968,1309.0410315108343
850.7744202514252,-276.43336619082055,846.457221004712,-275.0306231230011
4026.7414140899577,565.9215994668897,4029.6739439693492,566.3337396639298
-4785.101204487169,334.6068720568403,-4922.280859484796,344.1994079943353
408.4969570977598,245.4497345126351,403.56369662884595,242.48553257345873
6854.64777067193,841.644916666026,6800.067526261595,834.9433053221318
289.9157545495801,682.9987162452063,292.3171479667659,688.6560446083585
2420.316215263907,-211.7502309835621,2331.4479625421327,-203.97526632305025
3789.5897565893215,1930.892424125658,3870.092940641022,1971.9108451653299
-744.5012635926049,798.3798596505482,-704.3609367010596,755.3346290818911
217.04204315658038,6215.270920873311,219.108652946039,6274.450882241196
72.1925793331991,455.8060071132848,71.89623922171036,453.9349892855128
-3555.8836523854015,-1019.6332296166898,-3567.2444074500036,-1022.8908737102012
-1846.4237698328486,-96.76696939236038,-1825.3048752936104,-95.66017502864615
-118.91576777896243,2269.04801931653,-116.58429161104577,2224.560803872326
1699.9425430083938,-5928.404178187112,1664.7561377966804,-5805.694600424957
-925.3960368336924,2290.4355649706135,-923.432091785598,2285.5746304012428
1090.432096239669,1557.2984247323104,1075.0209028110594,1535.2889595557233
3938.462744493791,1591.2422382501986,3868.7448000024674,1563.0743602643838
4168.723987066722,-810.3178573158516,4022.1170159984513,-781.8203489578561
-93.168114256256,-886.4353945466714,-88.8502250979684,-845.3534234217879
1490.8469796006154,-1776.722243947262,1491.118259940319,-1777.0455432667038
2797.840103101694,-1487.6379710998913,2792.754485457454,-1484.9339002326312
-1263.7770040447579,1946.0459306030823,-1272.1934281429383,1959.006087192473
2101.3273275285883,1526.7036687093687,2111.8616279814632,1534.357285991168
-2418.173859186595,-1631.0788632270785,-2350.6255162497787,-1585.5169306176015
-201.37082589029595,751.5261533846914,-204.11826859092042,761.7797491343051
-1982.9521134224067,1099.1683050674371,-1949.579239689749,1080.6694190844364
-4939.7515084316865,-3331.9044635223927,-4987.82234055947,-3364.3286492042907
2296.065432409409,1169.903771517023,2276.1623461144645,1159.7626425262667
-492.236232694535,757.9773286463973,-472.7998137808632,728.0478681392104
177.09417112055854,-579.2489333279586,179.1419645846022,-585.9469639419398
3889.919103481267,-203.86202180413378,3658.93548226661,-191.7566831655181
891.4672432132886,4194.0236340349875,886.333052521461,4169.869165918415
-5259.576727915399,-3547.629297965156,-5244.0734490236,-3537.1722043136583
-4617.238288147512,-3114.3665496464464,-4700.424020167667,-3170.4760343738094
3718.981149277882,-6189.42402199154,3743.4432686054124,-6230.13582528315
130.61365450726663,2492.256994936854,130.48874898343624,2489.8736555635946
-4997.348424408689,-613.5972319698421,-4973.595108353248,-610.6806914879857
-730.6707958650227,-1125.1343586350645,-752.6831942661906,-1159.030479702548
1695.5483945439219,-1059.4962264295625,1664.2170315622268,-1039.918217948752
-58.900470837710756,560.400546075289,-58.70513872080188,558.5420851254028
-1755.2369332404992,-30.637774634118657,-1731.3864349412431,-30.22146263773476
2631.0066708799736,-2453.4534123243943,2550.5829675886757,-2378.457095722205
2431.696684476052,-127.43982312332541,2429.9576754619293,-127.34868552274182
-1238.2952480579477,-152.04353830094783,-1213.3368900741561,-148.979037275051
-2595.3443345710184,-599.1824518703887,-2627.8244373766593,-606.6810744527004
152.16580003576777,-1447.7608790086558,152.3532051161013,-1449.543919243524
813.1399470465442,-1161.284194576913,821.359386995702,-1173.022771356834
-708.6855643246356,594.6577956454654,-712.1474176262798,597.5626354740631
-3495.2726852378514,2730.8063096978726,-3476.4900255742023,2716.1316876750975
2178.1503136314827,-152.3111073660076,2122.2758623422214,-148.40398511825663
1035.3535100872355,2844.610390117762,1032.157022097856,2835.828111545388
-4562.915638534393,-2963.1920627839086,-4580.748369263062,-2974.7727735265516
4312.008228619453,2010.7224590326211,4451.324433230581,2075.6866721478764
2673.21255875967,-2406.971399174984,2671.079759575042,-2405.05101816347
287.16888863414874,354.62404401964056,287.1527599923169,354.60412680570386
-105.74070584987892,-599.685342679962,-105.81565358117504,-600.1103923858839
3136.4589229190356,1529.7532294057955,3076.826115424788,1500.6683658431784
-4143.012744067522,2391.969523043437,-4227.176238322862,2440.5613391076927
1253.2983526090513,1089.4756364499738,1227.6208696331735,1067.1545410385404
-4445.358264441392,-2168.146093418646,-4356.378144770679,-2124.7475893207516
-2016.754113045865,-392.01728794862015,-1962.660762875017,-381.5026058201163
-3165.477419412889,672.8429963144985,-3400.4051904438666,722.7784355656446
3034.4925332223097,756.5839629508639,3011.0953613611714,750.7503928185462
4625.98549477918,-2779.5725080055327,4478.098833079088,-2690.713236910499
1192.216916848014,-1000.3887752104836,1205.8467219150994,-1011.8255396152944
758.0773079689577,-970.2947068903212,797.8969290828427,-1021.2614977321365
-3143.5835344298844,3616.279183468303,-3080.8801234602915,3544.1471604638805
148.5020819625731,2833.5885243400653,148.68454404185647,2837.0701082152004
2247.220367851471,2678.13294673787,2270.249497261532,2705.5779944466276
2455.966755822757,-893.8987954668124,2413.351938723691,-878.3882705040553
-4434.476024143075,4434.476024143076,-4471.420776281778,4471.420776281779
-500.4056206880106,-2837.9412990424344,-493.39007630789985,-2798.1541697447883
1986.4580346742841,-1788.6148482486653,1994.073740590542,-1795.4720606558458
-1415.4895699599583,-4110.880206314389,-1379.5783864943332,-4006.5865566632974
2683.090547325269,-2778.421596400239,2764.4339603880426,-2862.655166453942
