x_rk4,y_rk4,x_euler,y_euler
-447.20006574204336,593.4545314712848,-442.53860585875145,587.2685652719726
3048.7130211953213,-1294.101899347716,3163.394985253983,-1342.781504964071
-1464.9917259629528,-683.1368609502341,-1476.8916757449445,-688.6858986652371
-903.1252920797466,586.4964222853076,-914.7235703516154,594.0284322630754
1252.0323188885448,87.55062851011657,1228.4715174343287,85.9030967775892
1889.943151985855,1762.400501169375,1848.9549342588175,1724.178369785016
-1659.42023466468,-571.3842088466658,-1685.2631734797937,-580.2826462892652
-1112.5752806287273,-1649.4606855922577,-1091.866133937744,-1618.7581130170063
488.28670642245226,2769.211520894658,472.4424165329686,2679.3540876996844
920.8507042902768,1267.4422608382845,914.4425149052341,1258.6221448257563
-1858.407870918752,-788.8473394507208,-1823.0964367883766,-773.8585249381305
2789.756109480324,2511.9076835806923,2909.3415900359723,2619.5829339122943
-73.01624167639572,461.0064064802229,-73.87182350043639,466.40833751768764
18.271813716657768,1046.7915067517013,18.46308992160032,1057.7497131937384
-1695.3367173667855,3807.7886113558657,-1680.1102565206463,3773.5894203590233
-2729.619166511778,-383.62295608121156,-2591.757174701468,-364.24771667845664
-1014.327574397525,1126.524898262231,-1038.2283787323788,1153.0694306710036
-1668.9282213718604,-1988.9512036017768,-1688.0080762972568,-2011.6896892552957
-73.56661198112174,-1403.7345788648354,-73.4062193666094,-1400.6741054636252
190.67633753933876,3638.3212597035163,191.25790934326105,3649.4183107878753
-2245.2921240410924,355.6193364313376,-2244.230112950896,355.45113039919886
-2563.4178075974146,451.9997223079647,-2550.5750526854445,449.735198110358
2678.5602597025904,187.3031795595834,2534.4672334948846,177.2272136135859
-1501.4978038040888,1305.2321277070853,-1517.5828141520153,1319.214613880174
-3320.241541089833,466.62951759831844,-3222.925817744019,452.95268460963086
-1860.1197663950736,2297.056610335921,-1881.168220567254,2323.0492865426086
-116.14177989854981,302.5596807677862,-117.27244506921788,305.5051642397239
-481.14930466506286,1253.4367920679795,-480.85235846726385,1252.6632207752934
-1710.895454900099,363.6620552704328,-1689.2452930516831,359.06017130833453
293.922888721354,-1855.7560838621173,285.83456243059965,-1804.688401492675
935.3099438991978,2203.4521441134075,952.5100533106322,2243.973062562763
1125.3671418046008,-848.0249675594615,1101.0370729024303,-829.6909455989519
-925.9274544533387,-697.7363834046828,-927.8453204906737,-699.1815991246724
431.4567906605429,2029.8446082805315,440.0642293058679,2070.3394232968153
-548.192153711267,1291.459782246707,-549.2410589207733,1293.930848066047
-3904.3211791493845,-973.4566020556455,-3854.5249092442245,-961.0409975311542
1459.4904894374135,947.8042060402075,1534.492980919286,996.5113935172672
-2116.182993147852,-567.0295240504429,-2156.22492418075,-577.7587271340911
-415.9259701814482,-2358.8333929969026,-417.0372589533845,-2365.135824805534
2055.70855534727,-2128.748525380717,1994.5200314571573,-2065.385954036407
1010.2859378488134,-88.38856648142753,1015.4105547481562,-88.83691236503351
1660.3349615792972,-997.6298928076374,1611.9462246081337,-968.5550063571833
-175.04917581798003,-2000.8212351547747,-172.7557580550652,-1974.6073501725787
1175.7226391552992,-854.2124984850254,1150.732025540286,-836.0557548927698
-1974.0979484721838,2.417572733799816e-13,-2010.9005413659825,2.4626429113875323e-13
215.9857206669472,194.47441639910275,217.76726846703565,196.07852924341216
-1129.9313893482217,-411.26139248580745,-1067.9334136939558,-388.69597476289374
-2130.3175102090945,-3042.4087059329377,-2060.6478709197518,-2942.910149451421
-307.2496021429129,-199.53022463852182,-309.66662336413714,-201.09985657250428
2418.0571848041322,-1452.9153369054534,2412.1599163780115,-1449.3719005483608
471.79784137940567,755.0343762864953,488.15568854352847,781.2124039240174
2807.2854835178,3593.1615638057065,2716.4888523509185,3476.947175512333
-442.6682662651816,245.37502678169457,-431.2359489955411,239.03798984005326
3780.3390091840124,-1301.6751084581515,3625.8089276833252,-1248.4661343135597
-2111.153606231166,-1649.4139678962335,-2119.9787421608657,-1656.3089197500744
-1151.330903109777,-20.096555667644715,-1153.2087302776436,-20.129333262783746
-2090.4515562628835,1111.5128088963913,-1968.9182945400146,1046.8924273777602
933.0923076680816,4041.6668191444305,946.0674260393599,4097.8682313355985
-1037.6207971157676,-258.7079210534232,-1032.9698769101672,-257.548316407178
2176.8191250852733,2888.7365475486836,2208.430769755831,2930.686616911647
-414.21059795102025,1545.854996586692,-424.60181585199183,1584.6355497456377
-1582.38861209457,544.8600940992686,-1614.8684431638899,556.0437968114193
2100.391464882992,1526.0237246969739,2179.6867143231825,1583.6350956840656
3983.1766402078733,-1217.7793085809715,3901.757932198631,-1192.887111497824
1024.7139087293065,-1410.3976976303663,987.9762531280713,-1359.832652660329
-996.478443616436,-157.82668058765393,-1001.7581908170131,-158.66291039307228
-841.9165621102982,1726.1847615839783,-858.2739121367417,1759.7222991812525
-1970.1296428696053,1092.0606935780324,-1972.5287405188283,1093.3905351203189
-5963.479610150467,521.7368610561635,-6007.162525162503,525.5586209094835
448.9879508125362,-2112.322232185684,444.3741329830257,-2090.6159259053193
862.5280861062951,105.90513231898413,859.8928622249389,105.58156751183087
292.45435708155605,2381.849598442777,301.3532506852923,2454.3252707772936
1614.7244676212313,1173.1659967376402,1617.4416452190594,1175.1401418186063
2586.9792102514652,456.1542332992102,2648.166523717944,466.9432075404164
1136.5815281022913,1968.6169536174386,1134.8565581525802,1965.629218023014
-1564.2435178953458,-2503.312913516563,-1632.3657817943597,-2612.3313246306047
15.313205284663917,877.2929432023348,14.942568176518725,856.0591574977605
2449.4878227416993,4076.6323256564515,2503.8442951967713,4167.096687496372
338.1924139942393,-1739.8491415847543,340.5769883487314,-1752.1167131565355
-369.89153873293884,1740.2028703643007,-368.45662901622757,1733.452150906678
-1792.3430376254535,-1558.0600322250596,-1823.038042481296,-1584.7427928634443
2241.704060313474,-2164.7884474841617,2235.3068998173803,-2158.610781402448
-1221.97310288681,622.6263945185041,-1193.965343306597,608.3557282290636
1169.2394175842126,-946.8314113419242,1155.0905859548104,-935.3739134000709
-1442.9531233985053,-359.7686204532785,-1460.3347736361322,-364.1023525931451
15.140192080042741,-288.892074557755,15.334740265782434,-292.60427508220386
-475.6496208349493,3384.422910552532,-479.62527813326943,3412.711182119571
4939.890633127034,782.4018131922453,4850.926137340504,768.3112213183404
3165.5487429235422,110.54339796652488,3246.271701930097,113.36230581068439
1204.0124018348934,4829.029985020086,1235.286407969806,4954.4631725412755
54.52497629649978,3123.7337999445267,55.40558777755992,3174.183997906061
-632.9587087228393,2070.3146498184396,-632.6602245693441,2069.338352143403
-698.7425357428942,-545.9174998047783,-692.6928126372217,-541.1909380979716
-2519.065290273115,-2608.5684704954488,-2411.047007746805,-2496.712264495861
2156.624289449715,188.68017681150087,2146.201435561374,187.76829525468426
-306.5323093807681,530.9295340089128,-309.6449139226396,536.320723219303
-571.6392190431443,705.9156461602978,-584.6172570393655,721.9421883792336
-1465.5512683263821,-1229.7435287240612,-1485.611707199705,-1246.5762355839222
1566.0047733882857,5461.307665838118,1553.2373002768977,5416.7821956981015
-3726.139886599643,-792.0154825971478,-3577.4244791495357,-760.4050469221951
346.0082953962817,-105.78535194185483,344.0555366888632,-105.18833369151142
1526.1613923713744,555.4773195094425,1495.2758665768104,544.2359074505603
774.3616780986808,-2017.2811397328137,817.5957797995584,-2129.9098252956287
867.7222706529562,-702.6676400224811,875.9034919763062,-709.2926624221634
5084.119307499981,3301.6656830125567,5024.553015473127,3262.982880671693
1968.2004270494779,-1429.981313889757,1952.1411840553471,-1418.3135908869504
-1863.7871486033594,-1863.7871486033587,-1787.177187458924,-1787.177187458923
-2170.7922753724215,877.0570100908326,-2095.9373807663783,846.8136695378646
159.99838829220033,1010.1900664254459,157.5540230528547,994.7569516931077
2429.0163914476375,-1700.8155877265856,2471.7079028116236,-1730.7085058012126
-2245.774576787575,-315.62303357513565,-2212.044605707653,-310.88259528507615
-1850.8624714416883,-902.7259442756625,-1867.2494162430162,-910.7183912823003
-4190.360420046672,1122.803690546848,-4212.099939465367,1128.6287772189282
-255.45631544339975,-890.8820442476914,-248.11649655454949,-865.2850538395397
-83.99624899542445,-1602.7439083381325,-85.30587557445794,-1627.7330721025553
-895.785554647843,-2110.338518187863,-893.9248718129846,-2105.955024129316
-1912.5003138691397,-1662.5111589158143,-1952.254110215316,-1697.068606857391
-3463.7700773791657,2804.90570332028,-3445.4390501385838,2790.0615301487956
-716.5751196455424,2498.9944223488915,-750.9190499029108,2618.765940786704
-1050.4358792741368,913.1299787793342,-1039.4482708148741,903.57859646538
1984.5885781666416,1441.888002631756,1997.5614869592916,1451.3133725815505
-2540.952792434692,1713.894299391746,-2513.3691060205465,1695.2888679794946
263.30377284907337,2505.16805705792,269.6370586921878,2565.425246762081
1399.1869656743715,-874.3090524409229,1399.7341674251684,-874.6509820443076
2531.621176462885,921.4347526704743,2491.106776833114,906.6887171460727
-455.73837146944516,-789.3620143437769,-480.5819486448636,-832.3923522533605
2553.962078716838,-1415.6842972998732,2422.4080743267923,-1342.7627219116139
60.471532927612955,-575.3482033788346,61.15733609492324,-581.8731846564853
-320.83861801751425,1049.4158338534226,-322.9698534988138,1056.386791008037
2382.9323540137657,1011.494773009913,2351.2936099627655,998.0649229437635
724.3981272343119,-724.3981272343123,720.3802929247225,-720.3802929247227
-1109.7892172308207,2746.8247016311666,-1113.8235402677847,2756.8100015423934
786.2575628159416,96.54028960694333,782.642792764746,96.09645165344246
-413.58639607901785,-80.39305152499436,-406.2121529018061,-78.95964385655115
-1386.5208563813067,-504.65232091207906,-1387.3561565434386,-504.9563453077729
-506.8379564189005,1039.171809103872,-500.0263385023822,1025.205922722265
1579.1884007162105,-2431.736889525277,1613.659539877911,-2484.817788983158
-1049.2561719421292,-3915.8773438432518,-1023.6699020774664,-3820.3880847321702
1561.2982302298544,-1053.1089536210436,1562.3570063636741,-1053.8231071407356
1787.6792122051618,2372.3304412753164,1849.0536061793803,2453.7770129788933
152.31671497061254,961.6898898560282,154.71741681090106,976.8473247364351
-16.247684169634645,310.02428249983654,-16.264809143800083,310.35104647266115
-929.5234288713006,-1431.3405611637133,-927.679940519276,-1428.5018380392303
-1297.9497243009557,3212.5382990126,-1280.4650138387713,3169.2621220118567
-1169.1954447904923,-81.75810999307377,-1168.0272798040087,-81.67642393974491
1954.3710567860119,2791.131129183422,1979.4172699399141,2826.900828575604
253.42689385391427,2411.1958306277206,256.16445933463376,2437.242026328585
-405.4460029428872,795.7325847907814,-408.6391529642282,801.9994945683209
-918.9254332987971,2524.7268781509974,-920.3273070161056,2528.578494534233
-650.6942112248547,-34.10143860262454,-650.0663528733514,-34.06853394071799
5369.688727532093,-1744.7176302149912,5329.013906607677,-1731.5015797559017
742.2515484096201,-346.1175813008109,747.5333820663778,-348.58054078405854
826.5184004926894,-1622.133695800266,836.8503187209535,-1642.4112270570788
-313.31969490045833,-909.9464661199818,-298.2950338007919,-866.3116819209371
-1382.5158874898307,-1119.5392913276896,-1388.873212695079,-1124.6873517727288
1220.4825794616127,2875.2767722713193,1175.521429635464,2769.3549410832293
1944.1679344819918,-1574.3561511932337,1983.6008454856685,-1606.2882929064133
345.53111942692453,-2181.597628649108,341.24956886452145,-2154.5649823005833
-2146.7229827194333,-1001.0333667794117,-2207.2252318529677,-1029.2460288859813
-841.99429910331,257.42349084916185,-840.9168132176807,257.09407035508593
994.6493819937925,-4308.299801477753,964.6117087150392,-4178.1923443512105
2035.0416864273134,622.1746815882047,2088.21725257264,638.4320836627637
-745.4412492608495,2164.918584771614,-784.5627636714667,2278.535712474081
-549.7084109989578,-1432.0393702635904,-556.4935414262392,-1449.715239342219
1750.5347908361243,1319.1225814804088,1748.1506447086533,1317.3259985100167
-2369.375997213512,-862.3823367705184,-2302.92680002223,-838.1968069020072
910.2898358281824,1786.5443948509485,916.2393849218998,1798.2210424052994
886.1876957107434,-287.93983689567443,900.3266569176403,-292.53386387606855
1796.7249434215921,3241.377601019906,1758.4409278929415,3172.3114087426543
-792.5235423126796,-1174.9644704602342,-793.0230263209254,-1175.7049859552565
1932.6603888244113,-2001.328418889947,1904.067805788996,-1971.7199324072012
-1206.5794503462637,-1601.1850114556082,-1189.911916129461,-1579.0664464840204
1158.3986770281404,-2375.069257591171,1234.2884944818231,-2530.6664418532064
2077.6753526079797,-2151.4958098410707,2167.968593438168,-2244.9971978511257
-155.42614977824348,2222.697495544379,-154.1809834965211,2204.890788115357
-885.790553428661,-287.8107975460185,-878.0618279899084,-285.2995824241913
-1573.2296114519315,-3373.8017893092333,-1657.755347588716,-3555.067815415729
569.255239607913,-428.96459134877847,575.2111299395871,-433.45267663018075
1547.3763421324165,688.9363344851484,1483.0661144613262,660.3035763672534
-155.10528903262784,-477.3649945845278,-153.20630661145802,-471.5205276495082
738.4258087040383,-576.9214705820636,694.1217867627046,-542.307375042862
1346.7309038863693,-1444.1920821510014,1399.9320684636962,-1501.2433463805983
-1619.1104017787218,-344.1525399662534,-1627.0067765765543,-345.83096624293853
336.5159068922605,-2394.435095001856,348.9975130609225,-2483.2463376210776
534.7428153570422,-615.1512407751594,539.1695474473208,-620.2436135190474
-3908.8258521075113,549.3496479614765,-3852.342765385922,541.4114678070563
-3737.0473509107865,-2919.7013808415986,-3546.4718755555323,-2770.8075011818564
611.7147651519386,-1514.0471732681985,625.1963305410242,-1547.4152185261946
310.1184189744946,-369.58473994249056,314.1911726789667,-374.43845880154635
-2690.5416957270722,621.1604944404149,-2554.9657578557944,589.8603229039219
1318.369622221298,3622.190767547941,1405.519945402545,3861.634312586591
-2235.2115732300217,1565.1119930692482,-2336.2785570975793,1635.8798570374277
636.6617354160048,-445.7953464279622,636.4577242270256,-445.65249625556015
-3215.0115258574824,-1931.773815607467,-3299.538687721454,-1982.5628584096964
1363.2688161848625,442.9528896385795,1338.5713459194942,434.92819510223393
1000.5114001833372,17.463991451622032,1002.4310745008,17.497499491474393
2347.46759375824,-629.0020460057522,2214.057705135565,-593.2549740869786
-171.5914662246731,498.33780272603934,-171.3760630878917,497.71222659311286
-148.5181624858512,2123.9086747702722,-145.71162891823164,2083.773374881484
-242.14081388862266,2767.6821673801546,-234.32227206155554,2678.315825365456
3803.0376128340713,1384.192490866394,3657.39831352853,1331.184120979792
-1914.0039859129877,-2634.4004819203983,-1931.9690039007087,-2659.127207879639
555.0136754447906,-710.385109638284,541.6121426633453,-693.2319298961113
-223.4360490609335,-1267.1688028864828,-223.20328090896592,-1265.8487090980452
1732.4449598413416,-3715.2402057816557,1760.7880309752886,-3776.0221179768996
1001.2061698612729,3736.552294773703,1011.4478481472557,3774.7747584917615
-233.96412946489323,189.46041638103995,-235.97625346623082,191.08980227013166
1926.2391510789828,-4326.403968657447,1863.5551984517626,-4185.613505923032
2173.846965759719,-5121.262517223831,2192.3785483652346,-5164.920189947492
-572.7023142558628,-4074.9887067955187,-594.3935333470146,-4229.329750358305
-912.3431046341694,978.3681982164586,-923.0362350686188,989.8351767065757
1640.7784134860196,-3364.094284350764,1650.4911749592115,-3384.008396511593
-258.64680617319215,413.9214147451479,-258.82115881150924,414.2004372924749
1510.2539475128665,-4149.388618433795,1432.0209836098227,-3934.4453166531816
-1084.3758569661893,-1956.2658306303797,-1083.886895443967,-1955.3837206938047
-533.414074226813,4344.309010060521,-515.5972031781647,4199.202239977781
-2961.333550961403,103.41204632130254,-2951.145921619807,103.05628646539728
-1821.211915635201,95.44567210225433,-1807.2136509011711,94.71205413372758
-3389.971674915242,3510.418432266126,-3328.576200036351,3446.841556899463
-2312.8326053339665,-2233.4764849788135,-2309.87706001949,-2230.6223480451845
3245.951182948779,-1117.6706236795185,3279.4852077864994,-1129.2173144158867
723.3960492250048,1305.041018776585,714.1933789310273,1288.4389620902323
4063.8761539077614,-3924.4395840348757,4004.658081839841,-3867.25335657317
979.3481601588916,-1050.2223231746361,980.934017140941,-1051.9229465807598
1714.748607447649,3093.4883761207325,1712.624939597689,3089.65717790307
261.70194936945586,2991.2669690274784,260.11791440827733,2973.161366571812
-2204.1881577151066,2925.056480572859,-2251.06821138532,2987.2684130332073
-1353.0408634171447,750.0027975775932,-1332.045579847028,738.3649218568598
-2065.1578185542235,1052.2504657757745,-2069.8585969642018,1054.645632008093
-1730.7066622332316,734.6413923641884,-1653.7580188683578,701.9786311143056
656.9601577468204,334.7379196758794,663.6106836820652,338.1265318924092
-1918.3051501246114,-1986.4631340546046,-1892.57747429074,-1959.8213458252517
-744.8864660170814,561.3122133339293,-742.335513942781,559.3899330667222
-877.9295142685144,847.8066770009307,-898.2634843473559,867.4429636533326
-514.3752859910494,-1682.4457510673508,-512.2651559860899,-1675.5438268152848
2708.9104138903226,-332.612375694828,2727.113387657135,-334.84741983591334
119.23391373790064,-1362.8498702871432,116.6565045487753,-1333.3899484498208
1499.340078022463,157.58699230373068,1425.334394929006,149.8086815768791
1180.6015851148634,-922.3870490812895,1152.5894647906887,-900.5015821040349
-26.06625625324747,1493.334820606094,-26.03705255463945,1491.661741833364
677.3493332427344,-3186.6780678089203,717.8433975941319,-3377.187662211667
1553.2437746858654,1398.5469765075986,1565.9814362603063,1410.0160185041195
772.0134227863185,-2121.0894466212794,755.2417092550494,-2075.0095424085594
2363.3392195610722,-1846.44296280267,2360.6209886632773,-1844.3192480726964
-2363.9847419011253,-3253.74585902242,-2251.7702656383453,-3099.29588267919
1201.2308997086325,3300.354772500629,1252.4774797839664,3441.1535940818794
-2797.8104839410526,3995.6874658826077,-2883.2481570910954,4117.70510849252
-1060.6822651584714,-4254.164205637205,-1067.6753848637138,-4282.212076816921
-2047.2226527729488,-5067.053873894355,-2046.289456171814,-5064.744131255225
-1254.2874267418163,639.0913649058341,-1262.7346360020315,643.3954330011192
-3196.8674649463783,-3550.4810148197266,-3130.60596090901,-3476.8901591844215
1423.5732426580855,1474.1532466735869,1431.5910253167638,1482.455903666031
-1736.1338715169406,-1127.4585189704912,-1729.6311302557726,-1123.2355894188906
-779.2393233286191,2548.776981135229,-805.3033760399509,2634.0286561943935
-185.6267454802126,1766.120508949958,-188.33536086755527,1791.8912629114502
-3245.353103411465,-809.1574077944986,-3147.293533661639,-784.7084111091145
2046.5870854366874,-2272.965229773792,2086.210176928913,-2316.971131061277
2515.2765621461267,1511.3306321566379,2446.07119953495,1469.747855138056
-1526.1840339525513,1192.3856491311683,-1528.065271114747,1193.8554326860421
-790.6883868560362,-663.466333787058,-796.9201459823761,-668.6954005715546
1265.7584069498093,-1180.338809886269,1247.0508895770454,-1162.8937677119875
608.081342687824,-1365.773057201907,614.0100669708539,-1379.0891899639294
-2205.2932506480274,231.78566064591936,-2224.4631253612547,233.80049566779186
-98.31989219800957,1876.0553021529229,-95.80516171568698,1828.0713860869316
1406.3634594073992,-350.64579260567353,1394.51976686125,-347.6928283968533
-1953.057913116877,450.8989475647614,-2051.6652793504973,473.66425183877357
3058.0302130194964,2851.659307505446,3124.095419741255,2913.2661094422915
1074.3131809081428,-287.8613492424476,1110.445615958992,-297.54300603489213
-413.04038835413695,458.727824436015,-409.5607388497627,454.8632821492381
-1694.7914024090358,583.5634786153472,-1742.3592484831088,599.9424015233645
-1262.3634552398958,-1353.7190700779076,-1265.7392058265468,-1357.3391193798807
-5.80232926192792e-13,-3158.640932753136,-5.753639020808854e-13,-3132.135200023804
-843.0598053637453,411.18774118589073,-847.2735803980611,413.242936591012
-2689.0581423794315,3568.500682880822,-2676.627833262227,3552.005105535694
-671.5309437391297,1845.0161043883093,-679.8700422784583,1867.927589323722
-763.2868431827825,4328.814796895914,-744.6617242964296,4223.186498767513
162.5766802570808,-531.7643603233307,165.67531570955532,-541.8995402067854
-955.1466666533573,1098.770549580479,-956.9744245240162,1100.873144490934
-3780.4713482641446,-1012.9742447763758,-3635.3870974924434,-974.0990369476239
-3465.7453256273325,1400.252003619048,-3654.445459396387,1476.4918064803483
2067.506788204037,-1291.9216268131938,2051.3837985351347,-1281.846864707945
-2877.479147677344,664.3184058257958,-2804.2017411040515,647.4009835198482
-936.1765154678567,131.57102891262872,-953.8203089345313,134.05070237375185
1539.43033775623,-3626.6706032238744,1501.3596271798292,-3536.981629643868
2365.4408133682705,1257.7271905049097,2316.981793963566,1231.9610728383645
513.588017790117,-1411.071481780805,514.3747255137215,-1413.2329434871183
-1750.151564167438,707.1071311100661,-1731.3408560758314,699.5071117145278
357.0650891391189,-1836.9406382934476,368.6287455870344,-1896.4304935118735
-1430.1350203643065,3212.1358473864852,-1375.4496386821713,3089.310469133423
-211.72135004050435,-651.6113134881786,-208.44738724424093,-641.5350920887948
-381.5665313382291,1652.7462249258274,-377.36256286149376,1634.5368368925979
1524.821477189777,585.32412494273,1567.7781716008412,601.8136549911466
190.49909557507655,2177.4146260518596,194.69555991896223,2225.3804329891464
944.8695644959093,-1166.8167384925075,960.3852317700075,-1185.9769918910388
-141.53942047114757,2024.108014326301,-142.42582783696454,2036.7842302323384
-1446.3418026045942,769.0335778511278,-1431.8065291816179,761.3050358803531
-390.8656600852196,244.2399717010626,-396.3535478144804,247.66918454979685
-1485.9369674733223,-2473.014407031997,-1501.6768791437794,-2499.210019079151
-2140.24130340646,2216.284748504031,-2122.7952024861247,2198.218782143571
1438.132001165704,670.6119655813416,1434.3068746960885,668.8282798151489
-905.783622441851,-2787.7153430322496,-882.1393168998928,-2714.9456531178184
212.6700126506992,-353.94233856578387,212.48344196710417,-353.6318328050682
-4066.7786663156653,2347.955757731982,-4004.4120367228516,2311.948367348117
2532.042270988694,1839.6363925805604,2496.933109085293,1814.1280933351125
1058.0721374801617,3460.798021422101,1088.7390484172051,3561.1049673613475
-1685.8641458188692,-3170.649316020036,-1666.2787139275113,-3133.814475926721
1321.5562027519331,995.8640290221891,1321.0215065411521,995.4611065269796
-223.66930409356016,526.931859210966,-227.295098444138,535.4736954097654
1761.4791499938974,-1100.6943348584803,1763.892339667485,-1102.2022631258487
-94.03898021449851,-5387.489568284362,-94.3512257682161,-5405.378104076218
2134.819213337758,1728.7425127188394,2034.044976093886,1647.137144441348
436.03272246706615,-1135.9040771476218,439.68855457044646,-1145.4278453824932
2361.701271832157,-82.47242572201789,2344.3435467859063,-81.86628060677656
810.3146106097888,2226.3210953045595,812.5331237664885,2232.4164101073575
2297.9874061713076,-2069.117154262149,2287.2605748983733,-2059.4586720015
-3995.1973237112484,-1221.4544003400567,-3986.3091082539036,-1218.737000171331
491.1072058790411,1156.976072843231,491.3159689013788,1157.467887703302
-577.6034864910054,70.92079046478483,-589.1710259526018,72.34110571830406
1563.5090108496959,1135.9557893018998,1580.2813129525814,1148.1415800721998
-1495.307162956833,-665.7536422957074,-1507.7650858713914,-671.3002669366325
-120.13011102346788,1142.961658203493,-122.63861474195444,1166.828476815949
-1004.5679886007405,-534.1382742842143,-983.7646499749491,-523.0769429268332
282.3958002608762,-1223.1905958291547,272.58053532391705,-1180.676012555008
-175.3510285282365,3345.896943681011,-179.33314243699,3421.880203480035
-565.0152236157353,-1552.366568532335,-575.5072470310959,-1581.1931659504282
-1151.3077760458189,-182.3492377503034,-1142.203624957193,-180.90728187550135
229.5591795377106,-2623.873428695025,209.87990437327971,-2398.938284285151
-534.468301994365,-321.1409547869432,-537.9979687072735,-323.2617925130223
1688.1188856410959,-682.0443021266245,1658.0987884816861,-669.9153955721019
134.4473116765723,539.2387142375471,132.6651659367794,532.0909180836038
-1363.5905955760052,-523.4333881541515,-1349.7514855337042,-518.121051532015
-2822.538458725279,-147.92297256276856,-2736.0586602279536,-143.3907583706792
-1189.5925457766716,929.4115574148473,-1254.1809577270553,979.8735553105778
693.88588542325,1110.4495416570462,688.4739183157113,1101.7885838248196
5262.71732504542,2343.112715780422,5124.292303565852,2281.4819254532767
565.8300013480176,-606.7783886388369,574.0631721079315,-615.6073833460595
-975.4341335979723,51.12033677874698,-969.0196771680302,50.78416936194584
-2660.953403015616,-2313.1315031884346,-2510.6301874807573,-2182.457525538086
319.22179128208415,-3037.19246398754,304.0676255345341,-2893.010208065649
-596.9244845544345,-919.183099808454,-552.9006584383827,-851.3923523992806
1799.917235137975,1356.3349223880414,1831.9041738322362,1380.4388095914965
-2248.163668045519,-3210.7104613492497,-2211.321435653191,-3158.0943005942136
-813.8464658625218,202.91471395448318,-830.3228624249729,207.02274100345176
-1197.6465886236324,-902.4914374491342,-1188.8999885391795,-895.9004015308642
-382.2877461503679,-3113.4838398182137,-369.37194319816274,-3008.293066179998
1215.0585559988479,2285.192783212532,1230.2202719956729,2313.7078237478245
-2577.7529611614223,225.52416147200609,-2616.5028070286444,228.914333698765
-2072.5445385663284,-3191.4387208835533,-2063.014896725487,-3176.764359295138
1415.6944492996433,884.6240730354996,1380.7031539123343,862.759084964365
2045.0088901701542,-3272.698339135212,1997.8362356236855,-3197.206311237979
-484.0187300287576,435.8124220337975,-479.758704314158,431.9766776515599
2427.089120884736,-883.3881959133691,2384.092249345216,-867.7386145064141
-1824.3637546803907,-4515.458745058621,-1739.9044171790795,-4306.4145491608715
-3201.3629043452943,2501.178822396771,-3077.4972580364365,2404.4043733177045
3563.593827178985,-311.77406128912247,3389.8993430966707,-296.5777630149355
-1562.9278209399101,-418.78524744898306,-1546.5222824681066,-414.3893966640662
1140.7719473114132,2446.39333573249,1100.285337161904,2359.569520078897
-1001.8942822636295,-4339.68091220814,-981.3266961682563,-4250.592909243778
1727.7167428014752,-1121.9923716697474,1729.3483764692676,-1123.0519669629302
-445.406155402965,-3169.2294723178,-460.7814844555733,-3278.6306231304284
2041.0901614644142,-2708.618129231721,2000.3830705428559,-2654.597995021034
-1238.6574866568903,-744.2605041957811,-1240.783668801704,-745.5380433154796
-3073.744838132999,-2968.2808868062284,-3038.2504815368643,-2934.00438507234
618.3641481057582,-1326.0861950077956,621.4272306438489,-1332.6549967088233
1237.2138393492019,-2142.917229580176,1219.3151530822015,-2111.9157955769974
-1034.4354131252935,-597.2315642271694,-1035.2248008886168,-597.6873174648199
-646.3729491383582,1775.895082303928,-648.2305182420548,1780.9987114714133
2180.931791874969,-543.7673680053853,2092.353835256408,-521.6824029857503
-2652.6339834269093,1018.2507843503217,-2582.3416090390315,991.2680698855714
-855.836299091294,798.080260166856,-885.6008872904137,825.8361876952091
-1235.426725677443,3802.252495003793,-1228.0911284901522,3779.6758483051244
-2561.5352996509428,1727.7773758070773,-2623.568187685921,1769.6190871110025
-229.03344696991778,3275.3308867411156,-225.71919022583546,3227.934807154939
262.47845295552355,807.8256135244433,272.30303463388555,838.0625668155706
-1528.2948733744436,269.4796206543411,-1575.6119140559958,277.82289157377863
1848.9782615762813,-129.29315518488417,1849.538295262207,-129.33231655512188
-252.15528955718966,1592.0458413750298,-254.0160350441213,1603.7941260115663
2517.630145586638,220.26409668995237,2699.1071022224214,236.1412730867691
1153.4637556076107,266.29809078602773,1134.1425531784191,261.8374397308293
3147.407136135967,554.9727973751319,3122.4536781181823,550.5728294646202
2291.134768331186,-1487.8803155930905,2437.1114101884577,-1582.6786552446779
1172.3701307471035,-1257.213044780741,1185.8899605147733,-1271.7112871884494
-3788.016885384998,-3292.8728410891085,-3719.8799493574274,-3233.6423062449066
-1577.645021108252,-1814.8729900924527,-1509.1817001841418,-1736.114948647927
-3511.9272133608265,4495.061849612354,-3509.3651845147365,4491.782602229352
-3939.3767741113584,-1279.9811047912294,-4155.413126581453,-1350.1755708110766
-183.6674811156503,-1306.862034116868,-185.11178237646848,-1317.138771578093
-1780.3155290805105,-2639.4263150518746,-1751.4355290296423,-2596.6099542058123
1580.6016065533038,-1473.9348432843813,1580.3367502502042,-1473.6878607860797
-3725.5460079537543,-1980.9079505177851,-3691.152632887703,-1962.6206686084915
1511.68229321943,-52.789108906272034,1499.262002025798,-52.355382780478884
223.7750342985596,3200.1320820879646,215.55382017420416,3082.5632426705924
1739.7758146955432,5354.479383264133,1734.9247967771196,5339.549485278067
1427.821442309025,-200.6672173080835,1419.8310374274974,-199.54423913642339
-1111.6791343839561,136.49703438025514,-1086.0851080453285,133.35448309452948
3151.850886740441,0.0,3013.545344010174,0.0
-238.13549115098613,412.4627697588774,-242.49284107701104,420.0099212171088
-1546.8555447367035,721.3105865702472,-1588.1313393959017,740.5578057162645
-1162.4851242182388,2877.2516482445735,-1153.973105290846,2856.183662101351
-1261.109642489002,-245.13488216356984,-1249.5499642253862,-242.8879083291557
-5.006590218208656e-13,-2725.460773231073,-5.222820005586348e-13,-2843.170786996264
-2632.0898235290547,-45.9432987666007,-2596.72585808279,-45.32601845361697
-3136.6277894069117,1331.4195044264372,-3122.0230097659232,1325.2201432725467
558.016438517479,-1825.18952908209,557.8233443561858,-1824.5579465390115
3786.143332515672,198.4233641044392,3780.5275155896684,198.12905161048732
-1886.01695876218,-1320.6032917166285,-1890.6263422559146,-1323.8308167854425
-176.00496518403025,-541.6875838079942,-182.59574241573324,-561.9719103911943
183.21048951058594,-3495.864392977081,177.93577869480316,-3395.2169149128945
-491.38074139656794,-250.37099313299194,-485.1355376306414,-247.1889028769738
760.2519592007544,572.8909429543131,721.222535089548,543.4801623421333
-407.6211521388367,-1521.262850021901,-410.6251036940974,-1532.4737498496115
455.4288537923009,-222.12749376770233,462.18738190135036,-225.42384817722413
-2967.881625461183,1321.3860342554453,-3011.677493458431,1340.885210985805
-184.03492043729236,2631.821976754252,-177.48293647101647,2538.124240733208
-985.6203239982906,301.33437331550266,-984.9975851028428,301.1439829286271
1374.8679232390753,3088.003914856283,1404.7478801089399,3155.115396788671
-4082.7210664979157,-3942.637904585411,-3981.681446549216,-3845.065077790171
-381.88030290896495,-718.2123922753636,-376.503211297135,-708.0995537744033
-3982.970706537738,-3462.343612303792,-3994.7283403309093,-3472.564367428283
249.39056650933597,1414.3641858285569,249.34442064410726,1414.1024796220358
1394.2810453832594,4291.1558195715525,1426.0552761789563,4388.946846597877
-2401.1926792607915,1442.7821196650868,-2329.5304543164953,1399.723110824161
-2971.7653441864913,-2583.3162016031915,-2986.954275836607,-2596.519738448233
2551.8669895479256,-1993.7369996907603,2541.627328776244,-1985.7368999095422
1357.2119616991702,313.33707057146415,1407.695413319152,324.9920937287444
916.5072054292268,427.3743286458853,912.8130296259051,425.6517061782251
-487.96065048743503,-696.8800303622154,-471.7048225186405,-673.6643020506386
-2291.4892069609064,1855.6113720356325,-2270.352932567971,1838.4955545110008
-660.7744730968573,-2650.22165806407,-677.1503046483664,-2715.901531021652
-752.0698475951488,865.1573926969787,-763.9690347123296,878.8458416281937
-4476.637611893945,313.0369964261547,-4466.602048163277,312.3352414484129
-481.158195626667,800.7817127462589,-478.7815440146285,796.8263002316465
355.97488677770747,592.4417002961872,356.0829251129479,592.6215062808344
3607.269579486345,-2525.8373519109086,3515.705396584557,-2461.7234208130635
-130.14385742708367,-1238.2360910396592,-129.8234780370241,-1235.1878847590096
2914.9611084867443,-1177.7207351181655,2968.465971673526,-1199.3381030553494
336.5999117477203,-518.3184109233957,329.0586773198546,-506.7059282440135
-1712.8023892670772,1290.6891774579478,-1702.6661564712551,1283.050978181873
833.3610574103441,1963.2756186855433,824.7359366625237,1942.9561075662773
-479.94596474209277,-348.7011545296921,-479.38876934467373,-348.29632837705816
-633.7087464723066,1950.354976381785,-642.3118380857549,1976.8325698093035
3636.783602066959,-1252.245017750707,3666.7462903748874,-1262.5619987035195
383.2773831394634,-1803.1783170000278,368.4357264922818,-1733.3538122631533
296.43436840436027,-493.3496371989116,291.29633825669265,-484.7985190444497
3503.293985722199,1206.2808567557613,3494.983497540506,1203.4193261948888
718.3059283145482,1064.9323327704594,755.0874948978673,1119.4632477476407
118.05753186824099,-961.501437966603,119.04074578574159,-969.5090727235339
-2742.283374448253,385.4027944354481,-2748.782052143303,386.3161240231724
-2809.3714781637996,1621.9913791715255,-2887.5750692099327,1667.142243513607
-1059.914926297064,111.40154777512893,-1087.5153763426906,114.302471970163
-822.8005512061966,-1175.0809671514403,-822.3407770078254,-1174.4243415464882
959.8373814784082,152.02330646802602,957.863391941311,151.71065723998643
-81.6883879093621,4679.924609005955,-82.1690723769869,4707.463003712686
564.1340275567153,-325.70293266889826,578.0633336023378,-333.7450212639626
-151.5119348604244,2891.0199388939304,-150.43652718166157,2870.4999379804217
-653.03925074911,-187.2559918716966,-651.07785502248,-186.69357069743805
2760.757179154378,1530.3126932684859,2766.319462754547,1533.3959174148067
598.7271038622057,-1644.98919827687,604.586632854784,-1661.0881218726195
-1397.3430637997067,-24.390713905618508,-1397.8407369851202,-24.39940082338298
1245.5935302211694,904.9766723140116,1244.971774323928,904.5249402126275
-1898.0932097609868,-885.0953996035494,-1924.8598154392998,-897.5768728141644
-857.2401733364145,475.1759873493152,-859.4866566081614,476.4212333607819
3380.819450885484,-236.4099259570326,3344.8858054081957,-233.89720068729747
-753.1668211665195,-547.2077262600842,-727.1382922306591,-528.2968930467641
-1501.8119431649864,4622.101893412061,-1478.2610199886333,4549.619604866912
1565.824742239055,3210.4164842526443,1627.086111060282,3336.020904087214
838.3467502284992,427.15900474237014,839.9379393691944,427.9697561045131
-357.238515622613,1837.832840205587,-346.8426810145115,1784.3509075231161
3780.068061404133,-872.6974756678893,3908.8613195207367,-902.431742198437
2006.497539884442,-1683.651345675155,2012.9791545353967,-1689.0900661382082
-1139.125886648892,797.6245328013754,-1119.85744513524,784.1326248039604
1210.9061432495516,1495.3445531296968,1249.4485097206634,1542.940411891004
-127.29265188733301,3645.1846204996723,-136.41227828744852,3906.3365519389436
2300.34302867091,-792.0716248097742,2289.304536142063,-788.2707670230011
-2345.7616012170283,947.7492064487504,-2346.3999702930223,948.0071242972137
1406.0567807183065,-1675.673219812492,1460.4870878647828,-1740.5407339003154
1173.125594482312,650.2741355124557,1170.8016565359853,648.9859556737925
-2.7857677606689226e-13,-1516.5013360633047,-2.685991613664839e-13,-1462.1857314478655
1006.4241444830659,-653.5794814046122,1034.010685179265,-671.4943904027771
-1476.279827966351,1639.574852329318,-1512.6996490197687,1680.023161379081
-1467.5106110383383,-5476.824161041528,-1460.20414516347,-5449.556059172755
684.7414668003565,-1139.6011739104306,704.3900117832245,-1172.3018441834613
31.9890877171997,-610.3881552476131,31.885136685599164,-608.4046514048133
1485.5702160573019,2680.039613576259,1508.315012649006,2721.072312811628
-426.2687485169212,1709.6705691138507,-430.53165710994557,1726.7681616201617
944.5826156939484,-440.46610745816685,971.5858423391966,-453.05791883774197
-5923.005762107646,-1151.315691062971,-6071.088370984855,-1180.1000343544424
-3314.9168656958723,704.6073311942811,-3341.7230504557688,710.3051616583361
-1200.0100627993,-1997.1521261310297,-1249.023662139971,-2078.724453869857
-2623.137529604197,1059.8163559325417,-2590.6095686868025,1046.6742066489737
-4332.264203885378,2303.505737655262,-4612.413417638175,2452.4637168801714
1158.8284723827442,4647.807142271177,1173.2638089282418,4705.704114857028
-4197.2870650183095,-815.8699572380062,-4313.364301365467,-838.4330863230182
-952.1634252685312,3320.588482178507,-919.1212466538401,3205.3567112216583
1099.1649657832575,1178.7101164613164,1102.7608497920073,1182.5662299571766
-719.3743385048857,719.3743385048857,-731.2688677591175,731.2688677591177
-550.000754453102,1597.3181738126098,-549.5915613669717,1596.1297908008
977.7925275671888,-2196.1579741646633,1004.382969821514,-2255.8810853022474
793.2256371440028,3181.454261448991,796.5300062035025,3194.707361870198
1128.3923333176042,980.8964904065024,1105.8671676455401,961.315662620662
389.0626863879745,1197.4118248254485,391.2159133733208,1204.038776070051
-2526.4816607250677,1072.427838593212,-2317.1133988514857,983.5562841142973
-2261.7917168459344,2425.474665738587,-2243.1333855454186,2405.4660550706412
-819.3432058512429,-71.68324204897111,-830.7792276884942,-72.68376431556544
-279.3814229657346,5330.9151196211915,-273.82401523077266,5224.873463000943
-230.51020754979174,1307.2883493134384,-230.69993514636656,1308.364347982574
1489.3174100286517,1004.5572773460302,1504.9573309037005,1015.1065371789913
1171.268132718862,380.5680858902958,1189.8603721112759,386.6090706659685
-199.5161427059637,579.4369519185819,-191.3553505758827,555.7362906439481
935.9362099962727,-2718.1561218818592,923.4194539916203,-2681.804822939937
45.36097961427065,865.5390523091488,47.21104478117511,900.8403986400579
1123.8629282453726,-729.8451193157331,1106.8924218779273,-718.8243436203077
-952.1053973822085,-1717.64360492918,-970.9332630491118,-1751.6099737221116
936.1800585883699,-631.4614228158957,943.2574628907757,-636.2351922950073
1221.8220291845719,-3760.381544579425,1237.107255252689,-3807.424633211274
17.35874783365238,331.2246401417265,17.051244461136132,325.35712625880586
1368.4713792059345,-525.3069454524722,1398.0619193982538,-536.6656896095732
3974.337900190053,3578.5099187373044,4093.168142675376,3685.5051496559913
268.127175732966,1261.4391841227323,270.19037601237767,1271.1457782791388
2828.134468956853,-1767.2145527294979,3029.9258458984236,-1893.3077996598681
3892.9989736710454,970.6336591759562,4147.975416164488,1034.206426354903
-1526.3209875128864,-1473.951044393643,-1522.2219117770107,-1469.9926129684236
-36.36355149922342,345.9760818135032,-35.95003350496166,342.0417209077182
3479.251016541298,2259.4520287820756,3540.018452359668,2298.914863021669
-375.9868537327487,-3062.1671891637297,-367.51266090804245,-2993.1504271018607
-1702.3003891294304,-943.6005139860142,-1727.9424496384122,-957.8141402240431
-304.8847715495415,2169.3678722996347,-297.87073521348503,2119.460410522358
-2492.7410188963518,-2581.308889496359,-2674.928456376404,-2769.969503798776
-166.82576599857734,2385.719602565973,-161.45720343028657,2308.9455809985743
4571.061765358279,1754.6662136465438,4647.288329842296,1783.9268502662608
161.32930641722447,167.0613872978434,161.65761530270615,167.40136110104666
-421.31859295126606,233.54070961823177,-428.2819297779473,237.40055024957556
-629.6619066127329,-99.728648672538,-618.7320467586908,-97.99752893672984
-1817.143316654519,-1272.3774483288878,-1805.2551236754168,-1264.05324598923
1395.0162829564792,-347.81662376325676,1385.8933847951091,-345.5420297845405
-1566.1520705539237,2155.6233946189136,-1608.4438852251997,2213.833083716375
719.0649022053996,1779.7480862016594,711.4372771129588,1760.8690516125712
-3325.972588952655,-646.5035800241955,-3409.252423259196,-662.6915399616385
-2125.0821175421324,2532.574248138549,-2062.9170631916422,2458.4888212825363
4922.775611349424,1046.3682578214746,4662.504370583708,991.0458977827236
-100.1131639949293,5735.479324003439,-104.5054971167673,5987.115920023051
159.72682168060166,-3047.7693171839474,159.32111935316817,-3040.0280556196567
895.9538606769938,-995.057570377401,892.7694983426532,-991.5209777171322
-5449.9492868059815,765.9404218534155,-5678.202271211616,798.0192868050947
787.618526751028,-3158.965369992615,788.7334946015641,-3163.4372617890554
-2439.282461219546,2907.023636510438,-2485.1007459446087,2961.627741938042
5472.70487715381,-478.7996355739941,5273.692335534346,-461.38829428280934
-986.5777681971618,-1175.7575996225444,-982.8559721289882,-1171.3221357873972
-2545.905807566986,-3504.138724757759,-2574.5287261902718,-3543.5347924619737
1239.5845870382823,-1197.0529211267321,1237.4913676619344,-1195.031522671785
907.4291113149484,-277.4289205777462,915.230206992003,-279.81395487521667
447.8510519574092,3186.6258152356722,440.8099495360916,3136.525768254817
-926.9776433945135,3717.9042579407046,-956.2312855272116,3835.2342080430067
-232.37585448259532,1653.4401191986203,-232.67353756931647,1655.5582444207396
1721.1468732125825,4054.767933188015,1703.358683306129,4012.861583913175
4995.552339890504,-1917.6128784209839,4911.347247494131,-1885.2895718831817
-1229.477466982039,2312.310810700092,-1201.5587380522966,2259.803318323095
4017.099257214135,1305.2346703914504,4030.0227209674936,1309.43375830847
1869.4528807477761,-994.0057287403129,1857.3526715534779,-987.5719333866292
711.8408169134843,-3348.9477404069253,680.4926027217592,-3201.4659880421514
-45.46783751170011,-2604.850666478902,-44.0736813930859,-2524.97951593621
730.0126170592581,-3434.4393385161466,709.0428471558274,-3335.784327639634
224.3578589072797,4281.002972775829,216.8042630123302,4136.87177702044
-1804.0003226625092,-841.219165771617,-1884.7786233023962,-878.8867059727447
-702.0336647601129,-3040.8418818437194,-671.3455555971776,-2907.9170773770634
-387.97615775765865,430.8911762610007,-387.6116781432643,430.48638063985476
-5748.951933438446,705.8825387991449,-5623.924927612733,690.5311527878293
423.06982305986395,153.9848226100594,428.3227154739072,155.89671909257376
-676.248086108948,930.7756394735892,-663.0532666373076,912.6145285089433
2654.3930339216718,913.9808181029623,2617.7471039580573,901.3626125018103
-2193.997055769732,-1594.032167335262,-2306.6601141378,-1675.886670574809
3470.9868554704676,1845.5564482266682,3603.7917879733695,1916.1700834096257
2747.884169655742,3161.0791354747,2729.8424409660256,3140.3245007784003
28.576178956421277,-1637.1281959671264,28.735531478178395,-1646.2574958243556
4239.182595856136,2067.5875008802595,4164.555049715433,2031.1892146227365
-1194.3825287506554,-1373.9799272114928,-1212.8150805797181,-1395.1841525001096
663.8948813732204,3765.1349708691973,667.3731388563176,3784.8611492970367
268.3406871698925,779.317942601807,265.14967312595746,770.0505649045931
1650.8089931004192,-2272.1436522546437,1574.652052837265,-2167.3226165580318
2141.9787246435826,-74.7995452995061,2095.6597767977687,-73.18205199868213
-3215.1696725904103,1364.758555855511,-3256.748419023348,1382.4076866058576
1443.923865479422,1049.072095472692,1433.7819943522625,1041.7035947852607
532.4679617584683,-3361.8704000684656,540.2836067277185,-3411.21644033123
3275.131319196242,1815.434934926926,3323.675720937795,1842.343536209624
-916.6401043532858,1411.501981120968,-940.2169865969158,1447.807196043915
-552.0860404363411,-552.086040436341,-564.4190422205347,-564.4190422205344
-387.13255596188856,-958.1866997907189,-398.79294045340316,-987.0471641514447
-584.0959509197544,-747.6087247775993,-565.7066789114741,-724.0715299484789
-422.0813011367225,89.71615011483098,-419.5847412710628,89.18548993378289
-79.93587944623441,913.6712829376836,-78.44476052985176,896.6277157337942
-571.8488779543164,1660.769731741638,-555.7171227034283,1613.919712666006
-3049.79161215709,213.26220453020483,-3026.197552730596,211.61234717370428
-566.4098718501274,2271.7459145829694,-573.4196413906473,2299.8605646045676
1872.5600626829328,1311.180671641037,1872.4677817424729,1311.1160558308925
40.531789855583455,1160.678600314392,40.94566165611164,1172.5303380209748
1352.5176206153058,2654.4652911004323,1368.024897149864,2684.9000349389285
2863.9466703371495,1522.7874563937496,2852.909189367237,1516.9187236602656
1573.034293871447,-82.43923407787024,1554.27348903987,-81.45602195908471
-2612.750442775039,-3226.47809251859,-2584.893395721072,-3192.0775043221765
-957.2002916942071,1473.9591925330087,-954.404036121423,1469.653336546606
1662.046220037099,739.9906534691391,1646.4370285686034,733.0409936728917
-626.3315121747275,1343.1722623919209,-620.9911477895474,1331.719814009859
3404.249427514055,-1587.4275783195737,3292.482612511875,-1535.3098565564635
-1101.9149317293757,1101.9149317293757,-1122.5720306711426,1122.5720306711426
392.972716286811,1576.1274778829318,400.09296457521793,1604.6852339601169
-1341.1047199945244,-939.0516344687876,-1339.0903344753394,-937.6411465433937
3.68068761762935e-13,6011.019046784723,3.830200219015011e-13,6255.1916547395585
1265.43496443451,1100.0258321518688,1272.1471476182874,1105.8606439753203
2022.8745411793218,-5006.790182983458,1966.4910608487644,-4867.236172067443
1204.0093071063577,5664.418438304859,1252.6890072160825,5893.438421161457
-341.99641405225725,1192.6832341076383,-345.90988504547744,1206.331129374951
-564.0450920883868,1469.3877013936647,-574.9746994044856,1497.8603018942297
1440.5928932539423,-2218.3185234420303,1418.747837120036,-2184.6800868688647
-713.1106580476832,619.8976376362532,-715.739104096003,622.1825109271225
473.1083459931039,2987.0885361193614,456.764525046956,2883.8977118650414
-4127.438243834736,72.04470253334333,-4027.8630264579933,70.30661064879084
-158.23847918326382,-163.86074200238772,-159.83278321647205,-165.51169215817353
-1885.6415959407482,1526.96245672117,-1886.3379598877182,1527.526361126716
1284.1093744345712,1116.2592491014645,1329.557216954443,1155.7664558663473
2321.869127138863,-1082.705355218512,2291.46671925614,-1068.5284795964474
1791.3240755093252,1612.915442236685,1788.945358999881,1610.7736362713445
-323.18069985385995,725.8757364878696,-323.666431560376,726.9667077629562
1286.7657836737808,-1429.0981830020949,1223.7406014000574,-1359.1016268195092
-136.82900373497225,1956.745916652229,-136.3216752968831,1949.4907819765774
-1252.2850575616592,-1492.415216301154,-1284.9327929723352,-1531.3232722668906
-1783.2419462092748,1980.4908224283865,-1882.4073566279803,2090.625168277574
2571.426511502992,885.4131534555955,2514.597246844449,865.8452683907115
-1637.3814493374132,-438.7350370516612,-1673.8510294972698,-448.50703160379686
-2842.9799195458713,1091.3177434415402,-2799.1191372069925,1074.481166553129
3112.1229508913284,-1585.7058454348326,3130.5744457131273,-1595.107351627754
1814.0889624715267,-732.9395168365879,1818.9398617355166,-734.8994073581225
-1125.1604685397042,-39.291469363101825,-1105.1454860382225,-38.592530772786176
1487.1885760172502,824.3620889035163,1470.2783921796436,814.988620940601
-1291.0401624352398,2428.0934013169813,-1303.801483069968,2452.0939547674857
2060.0097523830486,2543.9001856523055,2084.4488176545474,2574.07991786445
5109.422862595203,267.77350564661384,5290.479476604893,277.2622807113683
641.4859229455028,1258.9870115065119,636.159392577427,1248.5331070482341
2196.7217813274824,-387.3413191579957,2175.133304677151,-383.5346882521479
1154.1524669631199,-5429.860447003522,1147.8685376210385,-5400.296883814934
-1663.5008151985217,204.2522171557744,-1577.860600225658,193.736920964701
285.63444240674505,2717.630185736423,287.7366402006605,2737.6312617025947
143.93898212282818,-4121.873149354335,146.79317500510672,-4203.606539649552
3446.4109720494826,1680.9269446594815,3454.482593831844,1684.863737645319
1577.3715231971105,1691.5238655605556,1610.0786067663144,1726.597918576333
522.2248122129922,-2262.004175053149,518.3561995012615,-2245.2473724253423
2392.321670822641,-293.7401658904601,2448.3429413592285,-300.61871299451843
-338.79204144422124,-983.9235320323063,-320.58001125581825,-931.0319558545852
-60.31895383452931,573.8965102791384,-61.53351846337783,585.4523208112101
-503.93575052556696,-203.60325934825224,-503.7439386287495,-203.52576231151025
-1269.1717578200796,-3306.3054675152966,-1277.9580333279152,-3329.1944977601456
1871.2046632766464,329.9438685631712,1846.0218164955527,325.5034532246165
2106.078876202593,4318.101610547183,2131.2160148025073,4369.640382384898
-1424.7166812379005,1035.1172592779917,-1408.4598758830814,1023.3059988182099
3263.7980531085104,-1591.860672998834,3094.4472477326062,-1509.262766317131
4211.12856283474,-2431.2962093447636,4215.2930540377265,-2433.700579461842
2098.5083885130603,109.97816444880301,2116.6586193092917,110.92937773830809
191.6152649209465,-318.90135391309036,188.6026799771457,-313.8875706022842
-1146.893851205804,2575.9657655728633,-1187.0912550432954,2666.2506128073487
-1330.9600931530042,406.91533627394915,-1352.6560552175213,413.5484575408355
-2209.9834903842466,-1380.9509513667178,-2221.1259805647774,-1387.9135519844813
-4011.437178852121,2808.8385516869516,-4081.401445217205,2857.828058401086
-1805.3157468103084,-318.3258748605097,-1799.4301335892994,-317.28808245163077
977.7415006648404,-154.85904036487315,982.1177384644984,-155.55216833949913
-4578.247385605661,-2232.9604484763368,-4312.996483719701,-2103.5889394800643
5440.227556280963,-1457.7045803470232,5623.896341143636,-1506.9184829257829
34.092519646690455,976.2820276554007,34.55024315494291,989.3895139712643
-3626.596197962184,-63.30247210385737,-3824.2495985884666,-66.75252504507205
2641.8280970033084,-277.6673218389096,2600.11077733372,-273.282654857704
3097.449916070664,-3964.555101211798,3184.112454808652,-4075.4780924940933
226.6330574939082,-1285.29993868958,225.7037033841119,-1280.0293096227044
-1508.2866438935077,-1095.83439121111,-1554.8857155459639,-1129.6905985321885
957.6597196170209,-2053.7078962119426,935.979320153269,-2007.2141295225167
-2810.9587655180057,-3121.885983653114,-2753.372765901596,-3057.9302518001828
-310.85545272761766,1346.4628938793567,-317.2692544974492,1374.24412150782
-635.4802999020144,1655.4827801030733,-634.7782169912404,1653.6537915897088
-1318.5379697930628,-256.29781817819503,-1314.9150999635708,-255.5936036207724
-199.92675424367184,-346.28329614237606,-201.24906514442662,-348.5736058058857
1541.33365767076,1079.2534459974079,1641.2351993022116,1149.205258526525
2454.953869858467,3378.954122063934,2520.9659359285592,3469.8119363357614
-981.2951295515816,-3020.1158653311622,-1001.7398565940622,-3083.038265171845
-281.71531334998934,-450.83874331360687,-287.4919167380277,-460.0832411760598
1347.7583669375995,1924.798425311944,1343.2354128038762,1918.3389773812755
-1044.6235087457019,-974.1271812394239,-1042.4545449390619,-972.1045897684464
-561.7907953671884,-1261.8027856356064,-584.5966852189736,-1313.0256529043227
-500.9675905166219,162.77423733319182,-505.69923320639265,164.3116412386348
1593.4120289272505,-139.40548885697652,1669.5243943197695,-146.06445798296448
2601.955405139487,-998.7971007990543,2739.3151343249765,-1051.5245606955684
-2753.536948971173,-3281.537551277297,-2770.869287397531,-3302.1934278649674
-1084.8372814381212,94.91096389611788,-1069.6318775748148,93.58066343374544
2883.109979887309,-456.63976055853743,2884.699009820201,-456.89143817511757
701.1857791022666,214.37400607405783,724.5742244728499,221.52457141546478
-1889.1782286617208,-471.0250347670443,-1932.3155328225007,-481.78037266149045
2766.340478075595,-3296.796203085378,2672.072432898558,-3184.451921578803
2167.878548350415,-1407.836790428753,2147.299629021694,-1394.4726839568848
657.6786218951584,-92.43070248706444,665.3536297631148,-93.50935449917431
-794.5518264291152,1271.5487229471464,-788.3981238864579,1261.700740286683
-794.2156406246214,1271.0107131960415,-788.6518236579681,1262.1067447910416
1956.3737221694494,-871.0337002936717,2003.6877705540762,-892.0992718525841
-1302.0993167272766,-3392.084691151505,-1292.7357498103568,-3367.6917653696987
921.1842497544511,-212.67214143417002,927.3211674936763,-214.08896053171063
1341.6066811497199,838.328897367251,1355.269482513604,846.8663632007652
-1516.5045731835146,-1414.1633926903837,-1513.6911303923075,-1411.539814843597
-4651.202404554761,904.1021612594556,-4632.615242400028,900.4891829338226
2147.9108625185813,2224.226809458037,2195.4767353380153,2273.482712664467
2201.100804409897,270.2611957724993,2188.1257009213023,268.6680533879827
-892.7092055429838,1184.6651284286854,-915.215621143225,1214.532150704224
-3416.4435074941225,-726.1874850928208,-3248.737364430893,-690.5404439523608
4009.7951695498755,707.0350755061155,3781.815788659822,666.8361596099876
928.0330839395313,1902.7497971139007,915.8578488123145,1877.7868657604363
1582.9880802824352,1528.6738197821487,1580.7625221352664,1526.524623261746
2902.703501474869,356.4071748599158,2913.681921674529,357.7551553635387
1118.1402645075598,1380.7882332477332,1117.7257278589689,1380.2763231191127
3761.483420698783,1443.8982035882527,3871.9054801307834,1486.2852608787414
-1132.7671734765936,-1303.0995691045148,-1144.5279928214952,-1316.62884412192
1078.956924106627,755.4937716630204,1059.6244139458702,741.9570023159447
2397.2831244894014,379.6923459717093,2434.2492376625737,385.5472031176159
-3107.232905716005,162.84317630376702,-3053.6908570174974,160.037156433214
63.677896487789894,1215.0466468705258,61.85245484132518,1180.2151452988594
802.0048272180514,-463.0377028857223,799.4441395935038,-461.5592891963784
-1198.7369617480256,1428.5990807386765,-1156.898617512145,1378.7380836873733
-2112.441484775946,-222.02654680086576,-2064.894579832278,-217.02916571751192
1914.31027571474,1340.4144855277689,1889.4951126919034,1323.0387213172744
1533.7506453991787,-1430.2456152081097,1496.8723160651534,-1395.856016752575
2656.697498981539,92.77392097123686,2572.8533716351317,89.84601952693652
-900.2149318051991,2473.3201977906665,-908.2652027888247,2495.4381355386713
-933.252365383151,629.4866688142754,-938.8454102479284,633.2592252106501
1396.2883274525814,-146.75581686729373,1416.4511757924959,-148.87501762283853
1826.2679074525495,3916.444166236503,1798.3959984101843,3856.6726644073387
-138.73695822579938,-1129.9218501543523,-138.28600768826863,-1126.2491527548186
683.6548616147331,2384.187838997276,684.0091408608495,2385.4233575573335
-1204.6780618729442,-256.0622267510197,-1200.4634330863955,-255.16637974743497
-1189.4061253779503,3660.615651091127,-1150.6653028564529,3541.383659400086
-1802.348914035886,1309.4831363513476,-1886.680244650681,1370.753434486278
-2124.0284971229707,1276.2450776134876,-2150.4311016591914,1292.1093629190634
1531.65479485662,1642.4986765635117,1487.4043326671654,1595.0458655074126
463.8915869772972,2009.335217275553,479.67764333579663,2077.712139542485
464.9078505976366,4423.302728215184,479.02973268611845,4557.663461184552
3491.658247337807,-3035.2522073974105,3323.9176086272837,-2889.4374947735223
259.27887890253515,-1637.022414394131,258.9822057121334,-1635.1492935888664
-1568.3750147007531,1462.5333619298299,-1580.8713012707415,1474.1863376770411
1895.46563605739,3283.042785652256,1967.5978452353477,3407.9794368106673
-3051.7481670625416,-1906.9438993428485,-2970.3470178743914,-1856.0788160049758
3043.103651474128,4188.472848008806,3048.364536305753,4195.713834776725
-741.6064441389209,2974.4209863396954,-751.7056435447474,3014.9266627605657
-205.56814061829488,672.3830910182658,-204.96025027494656,670.3947712969743
-234.2487969897483,360.71151530022803,-232.97063252662576,358.74331462547303
69.12957018237807,790.1546028519941,67.31837989362434,769.4526031212839
670.7189069397268,-744.9088119798167,654.0246974304503,-726.3680139736351
124.62971845626645,293.60921707714397,122.92737570856507,289.59874888752876
-1353.4905076571806,813.2591442788215,-1378.841347468728,828.4914655808561
2.0666950078860482e-13,3375.169084384101,2.0058835026220448e-13,3275.856359594649
390.581594250669,5585.577025393289,372.8184174336494,5331.55176207413
-1312.8627802144288,-1407.8729660579634,-1393.994878458606,-1494.8764895936656
543.5149705568986,836.9396604692806,548.5543088311152,844.6995609185584
772.3299435318335,-828.2224652586674,767.0758489285212,-822.588138606566
-2806.59874470787,-2806.5987447078696,-2792.46727662013,-2792.467276620129
1449.9861311618786,-281.84875242065027,1447.0262626938586,-281.27341227282915
1010.6325474943974,878.529470342308,1003.9146709256397,872.6897093348013
-598.5940035973377,-4259.21764919724,-559.053592616176,-3977.873006091249
-426.78887544704673,-287.8727313826347,-428.7326832154832,-289.1838462775494
-1149.9547664096717,2582.840693682557,-1159.1677990803878,2603.533503860166
1549.1248084962808,533.4064479973339,1525.9755226548766,525.4355096542023
-4123.913226655753,-433.4407459896609,-4198.709624112583,-441.30216414498875
1936.4980010245156,-33.80169834124662,1963.5224731856397,-34.27341225746985
-286.81673769107016,-172.33688255652177,-289.58418695188436,-173.99973383250196
644.9593700850688,372.3674659349858,637.8871254215153,368.2843035747083
1839.3658537825654,-1149.3633489772592,1819.863028238957,-1137.1766310194234
1231.261448326426,-1367.454373538049,1224.4858466210885,-1359.9293054886027
-1043.2413657507932,-3893.4297815395153,-1009.174215013689,-3766.289444119528
2609.423600860361,1054.2755690607953,2448.7966946884494,989.3780863925813
-872.8556522974756,1396.8610392402989,-856.7337101392285,1371.0605385292558
-2985.8870963737763,-1794.1019690735523,-3003.638795544722,-1804.7682660261978
-849.1074367261471,879.2764903949345,-838.6818838776952,868.4805143823344
2351.2249398535596,-2802.0807690675856,2385.6383547545356,-2843.093079909256
2.4463795116130123e-13,3995.2409352905306,2.562373824137035e-13,4184.674023434448
1520.8094464790643,-379.18038199566803,1547.6620896490601,-385.8754978883044
-862.7493088267217,-60.32930867271968,-852.753638525,-59.630343315281934
-1775.5329934359718,-155.33900864189607,-1706.1964543327317,-149.27284750224058
-457.7074628128958,2153.3443108825363,-475.26221504146963,2235.932926781522
1933.5901795531695,271.7483778067494,1894.063090136415,266.1932076667627
1163.2090785058322,2494.509918855307,1112.2764420324813,2385.284527458404
-2325.905740181535,-2021.8790133504383,-2319.2027028548955,-2016.0521518993055
-1562.0023933101445,-695.4482720222632,-1553.5810643572977,-691.698854804036
-1895.1643081419265,-765.6960827560797,-1893.697270673945,-765.1033611447324
-1.9976572577911396e-13,-1087.4739607545002,-2.0124151065981518e-13,-1095.5077594613538
1160.0049031428273,-2605.413670367991,1152.9344632836667,-2589.533202436641
3269.4737101084766,343.6355340221856,3342.534996037401,351.31458460727237
-707.2325431076639,-300.2024037530768,-707.1281172862439,-300.15807762172204
-687.4973184140165,24.007935382530675,-693.8446668072689,24.22958967265528
1971.4924605285285,34.412528904016945,1978.1468050623405,34.52868091990935
2251.967826987042,-3338.679602637441,2262.2871069605358,-3353.9785643492955
1182.6372206124431,-1313.4516977149933,1189.139714475258,-1320.6734487766366
-1379.4982115299156,-1703.5384188634769,-1361.6190604128442,-1681.459505987746
-3990.947033420514,3721.6183166409783,-3933.783375112164,3668.31234288962
-568.7573168534097,-631.6689939980694,-543.4986988080111,-603.6164566895583
256.91504739222285,-2936.552429059527,244.62805981965664,-2796.111518461715
-2994.433835988011,-2696.2003363059002,-2985.0766160693724,-2687.775057647776
1649.4182459107794,-4082.4534162387376,1659.9580208801851,-4108.540274703482
324.57277076174717,1669.7821512969572,330.3653237984697,1699.582253284746
2850.055149130179,1452.1756309444675,2821.7401068424906,1437.7483962953756
-1657.5219266341578,-174.2125745349738,-1669.5758735475686,-175.4794954072409
1544.0937612318025,-5050.503122110075,1467.8951482684163,-4801.268689373914
-589.5329139660823,2773.534297573405,-580.6669160764594,2731.823056951309
-899.1307145359171,-540.2522377227435,-896.0887686327978,-538.4244522243466
-640.7931190218875,2234.711178790795,-628.2206918333409,2190.865914619323
2142.1029842246467,-2142.102984224648,2133.2649064963002,-2133.2649064963007
-711.0616008949895,-1282.7890849543116,-698.7418040011648,-1260.5635830226054
84.71497068801293,-1616.4579351948598,84.3773096783722,-1610.0149793157877
-1081.1001247432966,1664.7482044677781,-1082.5101211647823,1666.9194085563286
2141.6223234341546,3709.3986748116636,2092.2129849244784,3623.8191901445357
-1276.3237462917202,-1468.2425151199595,-1268.3602298044323,-1459.081537342599
1739.6761382389443,1865.5742562240182,1713.73103659617,1837.751541043896
4112.834249893645,0.0,4265.8474861699615,0.0
3542.993283295283,247.75022503810973,3649.436350759233,255.19344939935178
679.143749873952,2090.1895383625288,685.2230755859042,2108.8997790233298
1409.4103690927118,-173.05383330104897,1407.5161159463696,-172.82124826023636
4205.892702421242,1448.2049959771266,4264.883421316859,1468.517129420692
-919.9352898143766,-2167.231728913959,-907.6241478004396,-2138.2284958744335
-1.851496008143505e-13,-1007.9074823492442,-1.8566176528391974e-13,-1010.6955758628229
1482.5526806408693,-1967.413857623928,1499.0208619078812,-1989.2678722958196
1132.0152969813005,-3483.9848433499096,1103.5034495021166,-3396.234399748767
884.4445325613683,1092.1980383730065,875.4239751204186,1081.058577638816
-2432.6682990761365,1134.3718576100964,-2482.7854513209904,1157.7418695067943
155.5419539765044,1266.787557268732,154.78054869738767,1260.5864089035183
-109.33805691104963,-1563.60706104229,-107.87106725485549,-1542.628131567007
1658.9044104655752,-352.6110176277985,1671.2378439448494,-355.23256984173906
-1757.7277394225541,-1952.1544250651173,-1704.700968101921,-1893.2622292154335
-4296.247641818072,-991.866921694005,-4353.554060037647,-1005.0971508082426
2794.730635882308,-195.42660360811055,2718.6793021003355,-190.1085762926853
-1129.344667345107,4529.554059178136,-1163.7348263338174,4667.485453151316
-48.79772061197469,-2795.619541528555,-49.195828106622436,-2818.4271046218396
231.7909421250181,1003.9968736921107,226.67037831693582,981.81727509467
-118.94575690739372,3406.16082172823,-115.1979336896428,3298.837206805129
-409.18002183417207,-654.8249175349969,-409.5098098684741,-655.3526887135546
-2310.4613723597317,2753.5006410598603,-2321.9341180259717,2767.173326924515
-1722.241455163947,1783.4332344890493,-1749.1215862681183,1811.2684250860816
1343.0434054364723,806.9818919714421,1392.7886959324637,836.87187801257
1930.923155992831,1455.0549646356653,1964.0350710930145,1480.006582366069
298.8439377042572,-3415.8018383228127,287.4471166541707,-3285.535577635121
-2547.537874472111,730.4947305506795,-2323.3341106751377,666.2053358121391
-3264.6837840052563,2120.1104387217956,-3410.6699940569865,2214.914992031519
-921.2755225860028,-1662.025038507784,-940.3092899369055,-1696.3628637715442
-1522.6063051832607,-3768.582848887847,-1641.537115675514,-4062.946934403366
1055.417704790499,-18.42238456350859,1061.6240800518583,-18.530717246664516
3793.643561414726,132.4769523420165,3618.069825618605,126.34578238547549
-1306.801726905876,3795.227790245595,-1389.869828786107,4036.47507531405
311.7926777523087,-1604.0342724807729,306.4155332982367,-1576.3712623851252
2747.580387372815,386.1472410532952,2809.2565542934362,394.815261033564
-1600.0660029078658,-712.3952828815532,-1589.5943259418914,-707.7329919130168
13.857134778627486,-793.8747197798491,13.623814598892192,-780.5078156351317
-3588.5698914329273,1750.2624823980946,-3635.3133786190942,1773.0608044019996
-68.75403656849961,1311.9051695966057,-69.28424105666085,1322.0220739076549
-460.42743806901,-1846.6735898839406,-460.9969979315058,-1848.9579697209442
430.9461110345066,1122.6530013283136,430.1341461545716,1120.5377604986795
-1274.2160031086585,925.7721161234526,-1273.1853837538924,925.0233273320285
-275.7092759155524,1961.7734340299967,-276.68097804617804,1968.6874539494258
148.51642905039967,842.2785239880747,146.9141284274717,833.1914255957017
-1843.5557958568475,899.1622404788577,-1808.9620888517918,882.2897622131921
-219.224432523445,571.09917188053,-219.4686222087923,571.7353077595411
4634.654758550421,324.086631724251,4567.0604826208255,319.359979502865
-1429.6816704804999,1703.8282670612302,-1423.8340076077764,1696.859293824378
1400.3622317142247,-683.0022962038454,1396.8320273638246,-681.2805004978592
2240.199781859964,3199.336853167431,2245.7025338923295,3207.1955975140463
1508.3250395498847,1617.480576960036,1411.2368015120396,1513.3661883768211
2854.080823869826,-4076.049839690588,2882.2373864833166,-4116.261578463752
-1134.3543271869387,3710.3058213682134,-1171.3282615407707,3831.242111365106
-402.8009237803687,2072.231110070846,-426.2703064623348,2192.970616999698
-4079.9087217845763,-941.921146555814,-4092.274767517292,-944.7760731655029
1687.0183566980104,5517.988409436502,1686.148280770342,5515.142519310207
3035.400884542455,1288.4512325886278,3202.776427308175,1359.497935342094
-3268.7998409295296,999.3724029193444,-3195.8003423650707,977.0542164770923
-771.2595331715986,53.93172033573007,-791.6321298037718,55.35631106922909
2962.4000403845694,-1509.4182121592646,2835.24980084901,-1444.6319292065834
2232.6836187192716,-1187.1389379891184,2141.1323260203208,-1138.4602521802833
-2547.6425467826184,-1919.786359342238,-2566.939052293719,-1934.3273192229594
478.1947101125284,-1126.5561391430053,484.0052124008816,-1140.2448247056461
-546.5546630855536,177.58637510443663,-544.3486486326997,176.86959755853007
2586.6927384013925,4864.861490830671,2560.67463135724,4815.928548334525
-1057.7249783223156,283.41655375569155,-1007.6336685624728,269.9946277577243
451.3434450002941,271.19450175690815,445.3480257800689,267.59209045291425
1805.7113425934938,63.05682956334166,1797.7354996017057,62.778306988723045
-4398.3574954152145,-1178.536338919882,-4445.266975271429,-1191.1056961647203
-2069.0915407897546,-1616.5514807456732,-2058.8604241556445,-1608.5580563763274
-1075.2006736731985,-170.29505693629383,-1077.0593693505582,-170.58944541088633
-491.55082980635876,-1216.630996639589,-483.33345522802057,-1196.2922808511473
251.81208820716674,-1589.8789533314869,229.64769439482654,-1449.9384783269713
-2608.2773580065154,-1505.8896347662671,-2585.7737006871316,-1492.8971421551705
380.2187823593818,-4345.9205688599795,394.59266445218503,-4510.214792974443
287.9721536539111,1633.1712395735826,281.9567744149571,1599.0563286575982
203.7473408106368,-3887.730859768894,195.8752214579462,-3737.521874378097
29.8443882534884,-1709.7838579358738,29.63946041338179,-1698.0435498390923
5914.606783787449,206.54262013096888,5785.423041880905,202.03142445776928
-1774.767770832702,1774.767770832702,-1820.3729277128482,1820.3729277128482
-446.28158686725027,324.24255232477594,-464.48663822159807,337.4692963582313
-838.0860159207947,2433.9785238651616,-853.6294769182,2479.1200123705607
873.9795058633746,634.9832796148528,879.2202351177914,638.7908922959487
-4979.397200600197,348.193371638413,-4957.97159554044,346.6951473826239
1907.3023946089859,770.6001880202252,1966.1607497350751,794.3805071006844
-1286.8169125434658,1242.6646476751202,-1266.8673232299054,1223.3995532130034
-1247.9209674880312,2558.617153628061,-1276.8139150489355,2617.8564750067344
1112.4983780848775,-1851.5082247948899,1130.37041372174,-1881.2522870131584
-1271.2706376014173,-1271.2706376014169,-1296.7483917617756,-1296.748391761775
-448.14717672947944,-1301.513905457463,-444.3540655866962,-1290.4979108163627
-1762.2194377706248,711.9828685358191,-1786.2933374505008,721.7093553646118
1649.932244416029,-1336.088787381703,1634.2829320488386,-1323.4162240962708
-3865.0708639399104,-892.321918929923,-3827.0922077452688,-883.5538552728874
-1544.0666584118665,3165.805801396357,-1575.3627830102946,3229.9723658870585
1960.7713602170027,-1893.4948925247556,1914.8939632574193,-1849.1916052635218
-1200.8386212563448,83.97081644309708,-1201.365507150102,84.00765989390541
1250.254407184321,505.1355694684535,1248.2431114330416,504.322953237024
2232.0929649216173,2393.6266534481674,2347.7417314054433,2517.6447719783732
3929.185821612366,2455.2277978822367,4081.496742733194,2550.4022244517223
1342.0137765977129,-2877.957831332958,1345.2945224905534,-2884.9934136045913
1927.0232045212842,-663.5273007666157,1860.804293348265,-640.7263011277709
-1668.7563558012475,29.12825053988645,-1681.3144271560855,29.347452490758265
1105.5253861070748,1185.5308321991843,1099.0193121361963,1178.5539220477074
3229.118148464118,-2178.0676930294953,3295.6662175718275,-2222.9549324220634
2042.4230096581637,1653.9215422512746,2009.036545716358,1626.885716826357
-688.5736317796457,2761.717993677338,-678.3119683159651,2720.5607095108403
52.23597668944183,996.7218112282208,51.420223660930525,981.1563161877702
-806.0503649383539,5735.346361399116,-791.8859823403848,5634.561542325264
-930.0717280947263,4028.583251596077,-898.2106564019622,3890.577788230034
1190.8124003200248,-188.60615555620504,1192.8140111689022,-188.92317957025188
-4293.271546698001,603.3799667769634,-4299.410890437277,604.2427952706074
906.8102972346289,-788.2781651012536,906.8102972346289,-788.2781651012536
-1552.3886332398074,-108.55358801980309,-1554.6433216849264,-108.71125119469613
317.4823201713904,-6057.923547127383,321.6740479999827,-6137.906478782503
765.0202266325156,-93.93267260891372,769.8035450469363,-94.51999026008708
-403.37373682533996,1617.843692748177,-410.12850605031144,1644.935592366131
2150.300371101909,-4044.1268163754057,2240.912407670947,-4214.543271629719
-309.9906626605634,-4433.0730094056635,-313.96717661757555,-4489.939808370062
-1261.5924198174537,916.6005460065735,-1295.7761434937986,941.4364750230229
-567.3887862355955,382.70856867679646,-562.0957427470338,379.13836576374496
551.2969549697693,-1803.2110887252002,539.7999205291711,-1765.6059835203705
3050.9852123078663,1171.163494429884,3171.2704665801057,1217.3366774900867
1911.8792503377183,-974.1511344073978,1931.3294077492424,-984.0614846052426
-781.9813563669525,1935.4717747604868,-776.7336220092476,1922.4831764415103
2969.895699593064,964.9776085551925,2977.96268995198,967.5987326121253
2813.496718089237,-701.4835177270324,2951.64874782791,-735.9286873905085
-3002.3142249483776,2519.2407588324886,-2991.1639960740235,2509.8846058964714
-1091.6839668064458,-736.3501333112728,-1091.1284690476002,-735.9754453418445
2070.552062301485,-1504.3441297112352,2207.520268630615,-1603.8573565939625
-646.6929332501157,-274.504863985393,-637.0196049096876,-270.39877971595456
421.3758975532524,-701.2872606549124,412.5275987068655,-686.5612184311642
100.61672362200846,1150.0544135320422,98.5087128765667,1125.959740456858
2622.9777031135977,702.8247573141288,2626.9622132934514,703.8924035990556
1272.8693929820133,-3696.6811369589923,1232.603752640394,-3579.741226282277
2795.589728531585,2997.9029509436746,2868.4509855554156,3076.037083149089
22.151117460266956,-1269.0366693771666,22.193058199060275,-1271.4394526933997
-2004.6284358938155,-1682.082981205991,-2064.0953093912285,-1731.9816128249336
-403.77732122997736,827.8661928604195,-404.41632184072733,829.1763382674125
-445.92287987760835,-1050.528471534605,-447.0612229030252,-1053.210239644151
316.4540938514326,2251.6878779150134,315.0604720783932,2241.7717437466713
155.85122337726028,1781.3876346514255,162.23739256819812,1854.3818825181268
2865.7780862628906,2672.3812989628605,2950.8372086736154,2751.700213824499
1628.0132514844915,436.2248360024356,1650.0400810414224,442.12690719403383
-1698.2618105542952,3333.0264704920555,-1672.7253964946588,3282.908435985685
-259.54207974927147,-2966.5795463016234,-267.2459116588819,-3054.6347479601545
-214.27413060946054,-2449.1645199948453,-207.23345484095327,-2368.6892277140246
-790.1301128547352,111.04554558409926,-800.5513791661384,112.51015905015974
1597.4979811122835,2766.9476682751842,1579.9314138533807,2736.5214812681847
2456.2953220470777,-2061.0764987921857,2463.1286603531203,-2066.8103504444935
2474.5462674011037,1546.268122380572,2507.202337228629,1566.673899569605
-1824.4416943430651,-1585.962968811392,-1860.9694654912207,-1617.7160758324712
1036.9399779636365,839.697437536535,987.4894565507342,799.6531948631983
683.7730634250753,1878.651051791709,674.2335023103441,1852.441323037475
-1797.8582125433377,800.4580483418246,-1843.1514313432106,820.6238886014849
256.63250693655976,-2441.6952017952467,267.41451759682235,-2544.279180766298
2.307731147058836e-14,376.88109725441956,2.3086363403765408e-14,377.02892654174326
1360.2179519655986,1621.0446309661397,1300.9604335259796,1550.4242704775065
1898.6197783439536,616.8989616413057,1774.899779709656,576.6998972671141
1809.2704111094733,-2786.032116133886,1796.3303152604528,-2766.1061159075807
-1104.9417430362016,1184.9049516321559,-1173.8385675116144,1258.7877504196522
-459.3014009369814,1031.6078368101837,-456.2750865467971,1024.8106234004347
1870.647778728408,644.1156849551666,1814.365326920821,624.7360826541704
-2547.745349949469,403.52322134118657,-2618.043777893108,414.65739850673526
772.983825431431,-2013.6917108166012,745.0440334483392,-1940.9060642516329
3958.109031122087,-986.8674197652263,3745.4929566389255,-933.8562785419838
-269.79054967528094,2197.2676995491765,-267.49650794827073,2178.5842290041787
2515.4636586564184,1394.3442745937498,2511.1533734314035,1391.9550444791803
-968.2162550031503,1611.382447679999,-965.188897496123,1606.3440786953117
-2360.7393023197906,-123.72110430077561,-2213.670859088796,-116.01357378842526
1425.737339013932,-2681.421946115964,1525.4511862554727,-2868.9564175846263
-865.4142264907023,1235.9396025689646,-897.1152581741918,1281.2133677794081
310.94732385480927,-903.0566003233257,314.4170544883984,-913.1334297720008
1244.0066390634045,3417.880150478343,1331.7289925894452,3658.895335972545
-232.90611396017036,576.4628607430942,-234.42021500134308,580.2103923248459
2734.5603195916374,888.5125083722747,2757.541997788594,895.9797082709517
1654.6433040625866,879.7894508055896,1631.2387521586754,867.3450298144693
-1846.4880292173086,2843.3422222947697,-1776.5841272386378,2735.699652803888
421.9295435878885,-1574.6624938843497,427.98559417647346,-1597.2639823741545
-3402.789311352841,-1105.6332693893448,-3443.212136090909,-1118.7674413241143
-1074.23128759827,2020.3352124891337,-1074.6081799623785,2021.0440439328977
1233.8613670639681,-1637.3893377597192,1243.5790013055855,-1650.2850739584605
-1214.3950304354858,-490.6474408198196,-1218.2843424013658,-492.21882485448947
-965.1590602232164,1894.2313110775644,-954.3564835814358,1873.0300606738786
-1859.223376765082,4175.884075116753,-1871.20434557255,4202.793771645324
3337.5713534264187,3005.162744757761,3296.8426879892613,2968.4904896792923
1235.2683001805806,-2774.4580278437375,1217.407244657289,-2734.3414403176853
-3681.5517382750345,-1795.6127592480284,-3734.3508715288317,-1821.3646171839382
